user_id,calories,protein,carbohydrates,fat,fiber
1,1474.7,84.9,184.3,49.2,16.0
2,3477.0,105.3,434.6,115.9,21.2
3,2899.2,129.0,362.4,96.6,22.5
4,2446.9,153.7,305.9,81.6,23.6
5,2073.7,70.2,259.2,69.1,34.4
6,1580.3,68.4,197.5,52.7,23.2
7,2658.8,114.1,332.3,88.6,22.1
8,3228.8,106.5,403.6,107.6,21.7
9,2344.6,167.2,293.1,78.2,23.5
10,3070.9,119.6,383.9,102.4,22.5
11,2652.5,171.0,331.6,88.4,19.2
12,3413.1,87.1,426.6,113.8,24.0
13,3314.6,104.4,414.3,110.5,27.6
14,1921.7,103.1,240.2,64.1,23.3
15,1524.2,88.7,190.5,50.8,29.2
16,1989.4,72.2,248.7,66.3,28.6
17,1480.5,67.7,185.1,49.4,28.4
18,2741.0,111.9,342.6,91.4,32.5
19,1786.9,76.6,223.4,59.6,17.1
20,2853.4,126.9,356.7,95.1,21.0
21,2783.1,143.2,347.9,92.8,25.9
22,2192.1,104.8,274.0,73.1,22.9
23,2601.7,152.9,325.2,86.7,30.2
24,2797.0,161.7,349.6,93.2,34.1
25,3442.6,110.8,430.3,114.8,18.4
26,1783.1,84.2,222.9,59.4,34.7
27,1733.7,90.2,216.7,57.8,28.6
28,2118.5,96.0,264.8,70.6,33.2
29,2488.2,151.2,311.0,82.9,23.5
30,1624.4,76.7,203.0,54.1,16.7
31,3167.2,93.7,395.9,105.6,32.0
32,2190.0,79.1,273.8,73.0,28.1
33,1721.3,81.8,215.2,57.4,25.9
34,1272.8,83.2,159.1,42.4,18.8
35,2575.1,155.1,321.9,85.8,31.1
36,1587.2,91.6,198.4,52.9,19.1
37,1779.3,84.1,222.4,59.3,30.7
38,2052.7,94.4,256.6,68.4,31.1
39,2272.8,160.4,284.1,75.8,18.2
40,3430.4,81.4,428.8,114.3,22.7
41,1257.5,90.6,157.2,41.9,18.6
42,2204.7,129.2,275.6,73.5,26.6
43,1418.3,68.6,177.3,47.3,33.6
44,1345.4,93.0,168.2,44.8,27.7
45,3185.7,113.9,398.2,106.2,20.8
46,1202.9,82.1,150.4,40.1,16.6
47,2588.0,131.0,323.5,86.3,17.4
48,1556.9,77.1,194.6,51.9,18.7
49,2133.5,77.3,266.7,71.1,22.0
50,2214.5,170.9,276.8,73.8,19.9
51,3163.1,102.8,395.4,105.4,27.7
52,1959.5,93.0,244.9,65.3,28.8
53,1204.7,60.2,150.6,40.2,17.1
54,3081.8,129.9,385.2,102.7,30.0
55,2961.0,142.6,370.1,98.7,21.9
56,1775.7,68.5,222.0,59.2,30.2
57,2175.6,104.0,272.0,72.5,25.6
58,2757.2,90.9,344.6,91.9,32.3
59,2927.7,148.9,366.0,97.6,22.5
60,2258.2,137.1,282.3,75.3,24.9
61,2935.4,85.8,366.9,97.8,24.3
62,2701.1,173.9,337.6,90.0,28.8
63,1980.9,75.3,247.6,66.0,17.8
64,1780.4,96.2,222.6,59.3,31.9
65,2553.2,111.2,319.2,85.1,28.1
66,2093.1,90.8,261.6,69.8,32.2
67,3045.3,116.4,380.7,101.5,20.7
68,3213.4,112.1,401.7,107.1,18.6
69,1882.0,74.5,235.2,62.7,28.3
70,1805.0,85.0,225.6,60.2,27.0
71,2084.1,77.1,260.5,69.5,29.0
72,3046.4,86.9,380.8,101.5,29.7
73,2480.2,162.7,310.0,82.7,22.7
74,2860.9,112.8,357.6,95.4,15.9
75,2664.0,91.0,333.0,88.8,17.0
76,1986.9,83.9,248.4,66.2,20.8
77,3029.1,125.3,378.6,101.0,19.3
78,2156.2,89.8,269.5,71.9,15.5
79,2099.7,73.3,262.5,70.0,23.9
80,2610.8,120.2,326.4,87.0,34.7
81,1987.3,103.2,248.4,66.2,25.7
82,2789.5,177.2,348.7,93.0,15.1
83,2819.9,96.7,352.5,94.0,25.1
84,3374.7,117.7,421.8,112.5,23.6
85,2733.9,80.8,341.7,91.1,18.4
86,2045.9,82.0,255.7,68.2,24.7
87,1684.2,97.7,210.5,56.1,19.2
88,2885.7,137.0,360.7,96.2,28.5
89,1416.6,67.9,177.1,47.2,27.2
90,2781.0,83.7,347.6,92.7,28.3
91,1811.0,82.9,226.4,60.4,21.4
92,2622.1,150.1,327.8,87.4,18.3
93,2433.0,175.7,304.1,81.1,23.9
94,2386.1,149.8,298.3,79.5,20.0
95,2952.1,104.6,369.0,98.4,29.7
96,2023.7,99.0,253.0,67.5,34.9
97,2720.3,143.6,340.0,90.7,28.2
98,2132.3,83.6,266.5,71.1,25.2
99,1393.2,88.7,174.1,46.4,15.2
100,1498.5,66.5,187.3,50.0,18.3
101,2713.0,178.9,339.1,90.4,19.8
102,1635.1,81.9,204.4,54.5,26.3
103,2294.2,161.4,286.8,76.5,33.2
104,2630.4,98.1,328.8,87.7,16.8
105,2657.7,121.3,332.2,88.6,20.1
106,2541.7,131.7,317.7,84.7,22.7
107,2531.0,124.3,316.4,84.4,26.9
108,1418.3,67.2,177.3,47.3,15.8
109,2451.8,124.0,306.5,81.7,24.4
110,2085.3,80.9,260.7,69.5,34.0
111,1681.2,88.8,210.1,56.0,24.2
112,2067.3,80.9,258.4,68.9,22.0
113,2124.8,87.6,265.6,70.8,23.7
114,2608.2,144.3,326.0,86.9,18.9
115,2725.9,129.8,340.7,90.9,34.1
116,2834.5,169.8,354.3,94.5,24.0
117,2728.2,121.5,341.0,90.9,27.7
118,2017.2,73.2,252.2,67.2,19.9
119,2193.1,90.8,274.1,73.1,26.6
120,1748.3,64.0,218.5,58.3,30.1
121,2137.8,102.8,267.2,71.3,21.7
122,1962.7,101.8,245.3,65.4,23.0
123,2939.0,125.1,367.4,98.0,26.7
124,1935.3,80.7,241.9,64.5,23.0
125,1811.6,89.4,226.4,60.4,26.4
126,3290.1,102.5,411.3,109.7,21.1
127,1245.1,96.0,155.6,41.5,32.4
128,1986.7,101.9,248.3,66.2,17.6
129,1861.0,78.2,232.6,62.0,15.1
130,1622.4,74.0,202.8,54.1,19.6
131,1980.8,105.0,247.6,66.0,23.8
132,2062.8,82.9,257.9,68.8,18.8
133,1289.3,84.7,161.2,43.0,22.1
134,2670.4,161.4,333.8,89.0,25.6
135,1514.5,82.2,189.3,50.5,30.7
136,1416.5,80.1,177.1,47.2,18.5
137,2958.6,88.6,369.8,98.6,27.2
138,2959.7,132.9,370.0,98.7,29.5
139,3200.6,124.6,400.1,106.7,27.5
140,1865.4,106.0,233.2,62.2,15.6
141,1689.3,69.7,211.2,56.3,25.1
142,2732.8,131.7,341.6,91.1,27.1
143,2011.4,100.6,251.4,67.0,20.7
144,1371.6,65.4,171.4,45.7,24.1
145,2034.2,79.3,254.3,67.8,29.5
146,2514.3,160.6,314.3,83.8,17.6
147,1343.8,63.1,168.0,44.8,29.7
148,1966.5,88.2,245.8,65.6,18.3
149,2977.0,148.4,372.1,99.2,21.7
150,1788.4,69.0,223.5,59.6,19.7
151,2449.4,120.2,306.2,81.6,22.8
152,2326.4,171.1,290.8,77.5,23.2
153,1877.8,80.8,234.7,62.6,16.2
154,2409.4,172.7,301.2,80.3,16.8
155,1439.0,67.8,179.9,48.0,32.6
156,3484.9,88.9,435.6,116.2,32.5
157,1327.1,66.9,165.9,44.2,32.4
158,1534.0,67.3,191.7,51.1,19.3
159,1945.8,71.3,243.2,64.9,20.5
160,2863.8,120.0,358.0,95.5,17.3
161,3407.8,112.6,426.0,113.6,21.1
162,2770.9,94.5,346.4,92.4,17.9
163,2262.0,148.0,282.7,75.4,20.3
164,3075.9,94.7,384.5,102.5,26.4
165,1486.8,71.6,185.9,49.6,30.3
166,1832.4,92.2,229.1,61.1,29.4
167,1871.9,95.0,234.0,62.4,21.0
168,1342.6,64.4,167.8,44.8,22.3
169,1296.9,64.4,162.1,43.2,34.6
170,1963.1,100.1,245.4,65.4,27.8
171,2673.6,92.6,334.2,89.1,22.7
172,1871.2,93.8,233.9,62.4,25.0
173,2942.2,92.7,367.8,98.1,29.6
174,2458.6,159.1,307.3,82.0,27.4
175,2011.3,89.8,251.4,67.0,30.3
176,2655.9,127.1,332.0,88.5,19.8
177,2201.7,147.9,275.2,73.4,31.2
178,1356.7,99.3,169.6,45.2,28.0
179,2837.5,133.2,354.7,94.6,20.6
180,1730.1,67.1,216.3,57.7,28.7
181,1893.8,83.6,236.7,63.1,24.3
182,1733.2,66.9,216.6,57.8,21.5
183,1878.6,73.0,234.8,62.6,29.5
184,1255.1,70.0,156.9,41.8,34.6
185,2923.3,134.3,365.4,97.4,24.6
186,2712.0,169.6,339.0,90.4,22.7
187,1867.2,78.2,233.4,62.2,15.9
188,2854.4,124.3,356.8,95.1,20.4
189,2532.6,145.5,316.6,84.4,29.7
190,1554.2,64.6,194.3,51.8,15.5
191,2847.2,155.7,355.9,94.9,23.3
192,2100.0,106.5,262.5,70.0,27.1
193,3381.0,87.4,422.6,112.7,32.2
194,2563.9,125.6,320.5,85.5,27.0
195,3200.1,81.8,400.0,106.7,21.8
196,2539.8,171.0,317.5,84.7,20.3
197,2266.8,154.9,283.4,75.6,17.0
198,1740.2,72.7,217.5,58.0,17.8
199,2196.4,73.3,274.5,73.2,15.9
200,2927.8,165.7,366.0,97.6,18.7
201,1789.7,66.6,223.7,59.7,33.6
202,3121.0,100.8,390.1,104.0,34.9
203,2888.0,177.7,361.0,96.3,27.8
204,2612.8,88.6,326.6,87.1,26.1
205,2155.4,80.6,269.4,71.8,29.0
206,3048.0,87.1,381.0,101.6,15.7
207,2569.7,143.7,321.2,85.7,22.6
208,3104.5,111.8,388.1,103.5,34.3
209,2604.2,135.7,325.5,86.8,15.6
210,1824.7,72.7,228.1,60.8,16.7
211,2870.5,128.2,358.8,95.7,22.8
212,3141.6,91.1,392.7,104.7,24.8
213,2746.7,122.2,343.3,91.6,33.3
214,1240.6,99.2,155.1,41.4,26.6
215,2669.7,115.2,333.7,89.0,31.9
216,2095.9,98.3,262.0,69.9,27.0
217,2565.6,139.4,320.7,85.5,24.4
218,2936.8,124.8,367.1,97.9,33.0
219,2080.9,94.4,260.1,69.4,18.4
220,1891.8,83.6,236.5,63.1,25.0
221,2029.9,96.4,253.7,67.7,27.0
222,3034.6,121.6,379.3,101.2,22.8
223,2934.5,103.5,366.8,97.8,29.4
224,1839.9,84.8,230.0,61.3,19.4
225,2418.1,160.4,302.3,80.6,17.1
226,2504.4,94.0,313.1,83.5,31.9
227,2027.9,109.0,253.5,67.6,21.8
228,1685.1,89.7,210.6,56.2,32.5
229,2624.6,166.0,328.1,87.5,27.7
230,2695.2,177.8,336.9,89.8,23.5
231,1806.0,94.7,225.8,60.2,19.2
232,2445.8,148.1,305.7,81.5,33.3
233,2213.7,149.2,276.7,73.8,31.9
234,2118.9,73.5,264.9,70.6,16.8
235,1916.4,85.6,239.5,63.9,28.3
236,1427.8,93.5,178.5,47.6,20.7
237,2283.0,121.4,285.4,76.1,30.7
238,2883.7,140.7,360.5,96.1,20.9
239,2601.4,179.0,325.2,86.7,27.1
240,1340.5,76.2,167.6,44.7,19.8
241,1863.0,81.1,232.9,62.1,19.9
242,1663.7,90.6,208.0,55.5,33.9
243,2464.7,169.4,308.1,82.2,29.5
244,2917.4,114.1,364.7,97.2,22.3
245,3274.1,102.9,409.3,109.1,19.5
246,2150.2,80.1,268.8,71.7,31.2
247,2119.6,84.1,264.9,70.7,33.4
248,2654.7,83.8,331.8,88.5,18.4
249,2464.8,169.1,308.1,82.2,26.0
250,2790.4,102.9,348.8,93.0,26.9
251,3140.2,84.1,392.5,104.7,24.8
252,1394.8,66.8,174.3,46.5,18.2
253,2980.3,117.6,372.5,99.3,33.2
254,2696.9,153.8,337.1,89.9,30.2
255,3492.1,96.4,436.5,116.4,18.2
256,2829.2,143.8,353.7,94.3,20.1
257,2898.7,177.0,362.3,96.6,26.3
258,1231.6,62.4,154.0,41.1,19.5
259,2613.6,136.2,326.7,87.1,23.8
260,1823.5,80.5,227.9,60.8,16.8
261,3070.4,84.1,383.8,102.3,17.6
262,2314.8,153.9,289.4,77.2,21.4
263,2155.6,78.9,269.4,71.9,28.9
264,2472.6,162.4,309.1,82.4,19.0
265,3441.6,123.5,430.2,114.7,22.5
266,2747.7,88.1,343.5,91.6,20.7
267,1828.1,75.2,228.5,60.9,23.7
268,2334.1,136.3,291.8,77.8,25.2
269,1856.3,85.9,232.0,61.9,19.9
270,1905.4,86.3,238.2,63.5,16.4
271,2039.5,91.0,254.9,68.0,18.8
272,2643.9,89.0,330.5,88.1,22.6
273,1409.6,84.1,176.2,47.0,31.6
274,2063.6,97.7,258.0,68.8,15.8
275,1841.0,108.2,230.1,61.4,16.3
276,2268.0,173.1,283.5,75.6,22.7
277,3492.4,90.1,436.5,116.4,31.6
278,2121.4,79.3,265.2,70.7,25.1
279,1949.5,81.3,243.7,65.0,25.6
280,2441.1,145.2,305.1,81.4,31.1
281,2543.9,159.9,318.0,84.8,28.5
282,3130.5,125.9,391.3,104.3,16.7
283,1482.7,82.1,185.3,49.4,16.0
284,1863.3,106.3,232.9,62.1,15.6
285,2392.2,144.9,299.0,79.7,29.5
286,3223.2,100.7,402.9,107.4,33.8
287,3283.1,102.7,410.4,109.4,32.1
288,2473.7,177.2,309.2,82.5,22.5
289,1414.2,72.0,176.8,47.1,27.3
290,1234.9,70.0,154.4,41.2,34.3
291,2610.8,96.5,326.4,87.0,32.2
292,2750.1,97.9,343.8,91.7,29.8
293,2611.0,125.1,326.4,87.0,17.8
294,2699.4,154.5,337.4,90.0,22.4
295,1894.0,72.0,236.8,63.1,27.4
296,2800.9,131.5,350.1,93.4,20.0
297,2061.1,105.2,257.6,68.7,19.1
298,3178.7,129.2,397.3,106.0,21.2
299,1592.9,72.6,199.1,53.1,29.9
300,1217.1,60.9,152.1,40.6,22.5
301,1210.4,65.5,151.3,40.3,30.9
302,2211.4,146.4,276.4,73.7,29.3
303,1391.9,100.0,174.0,46.4,29.9
304,1918.8,102.6,239.8,64.0,24.6
305,2325.7,176.0,290.7,77.5,33.1
306,2536.1,137.1,317.0,84.5,34.7
307,1640.9,70.2,205.1,54.7,17.7
308,2078.9,103.4,259.9,69.3,26.6
309,1349.5,67.0,168.7,45.0,20.6
310,2936.8,96.4,367.1,97.9,24.6
311,2668.9,88.4,333.6,89.0,15.7
312,2728.9,119.9,341.1,91.0,34.2
313,2605.8,132.4,325.7,86.9,24.2
314,2289.3,142.5,286.2,76.3,18.6
315,1905.8,109.5,238.2,63.5,26.2
316,2915.2,155.5,364.4,97.2,32.8
317,3218.3,127.7,402.3,107.3,21.0
318,2041.3,108.1,255.2,68.0,22.7
319,2090.1,95.0,261.3,69.7,16.3
320,2082.7,93.4,260.3,69.4,21.3
321,2126.6,96.3,265.8,70.9,20.9
322,1379.1,70.1,172.4,46.0,21.4
323,2738.3,109.2,342.3,91.3,15.6
324,2258.0,142.2,282.3,75.3,21.1
325,2325.0,172.6,290.6,77.5,32.1
326,3026.3,104.8,378.3,100.9,22.3
327,2404.5,173.4,300.6,80.2,30.7
328,2000.8,88.8,250.1,66.7,24.8
329,2075.0,100.6,259.4,69.2,17.5
330,1610.9,75.0,201.4,53.7,33.8
331,2099.4,94.6,262.4,70.0,30.1
332,2538.8,128.6,317.4,84.6,27.8
333,1406.2,61.8,175.8,46.9,17.6
334,3003.5,81.4,375.4,100.1,30.9
335,2447.7,124.6,306.0,81.6,24.7
336,3211.1,121.4,401.4,107.0,24.9
337,1361.9,94.0,170.2,45.4,15.9
338,2748.2,100.7,343.5,91.6,19.4
339,1378.8,89.9,172.4,46.0,26.7
340,1276.5,87.4,159.6,42.6,16.8
341,1731.1,74.0,216.4,57.7,21.5
342,2342.0,140.7,292.7,78.1,28.0
343,2087.0,98.5,260.9,69.6,28.3
344,1320.7,65.0,165.1,44.0,26.2
345,2519.7,161.2,315.0,84.0,25.0
346,2168.2,108.4,271.0,72.3,28.6
347,2922.9,124.2,365.4,97.4,25.4
348,2003.2,83.9,250.4,66.8,29.9
349,2287.8,139.5,286.0,76.3,31.7
350,1606.4,63.2,200.8,53.5,23.4
351,2023.9,93.3,253.0,67.5,21.0
352,2543.1,92.0,317.9,84.8,33.7
353,1343.4,70.0,167.9,44.8,27.8
354,2473.3,173.0,309.2,82.4,21.3
355,2078.2,74.7,259.8,69.3,33.1
356,2375.3,155.2,296.9,79.2,23.3
357,2350.3,127.9,293.8,78.3,33.1
358,2944.9,150.6,368.1,98.2,22.5
359,2685.6,124.0,335.7,89.5,17.6
360,2179.5,95.6,272.4,72.7,23.6
361,2027.0,103.8,253.4,67.6,32.8
362,2023.2,100.4,252.9,67.4,32.5
363,2031.9,92.1,254.0,67.7,25.5
364,1542.6,93.1,192.8,51.4,27.5
365,2196.2,99.6,274.5,73.2,16.7
366,2924.9,91.2,365.6,97.5,22.0
367,2595.7,123.1,324.5,86.5,29.2
368,1433.2,95.0,179.2,47.8,34.8
369,1872.2,83.9,234.0,62.4,26.3
370,1247.1,70.0,155.9,41.6,19.7
371,3441.3,86.7,430.2,114.7,20.6
372,3086.4,115.9,385.8,102.9,15.2
373,2987.9,90.2,373.5,99.6,17.2
374,1563.6,82.8,195.4,52.1,25.0
375,1455.1,78.7,181.9,48.5,28.6
376,1806.8,91.0,225.8,60.2,28.3
377,2381.0,143.3,297.6,79.4,23.4
378,2319.9,131.6,290.0,77.3,23.3
379,2848.3,103.5,356.0,94.9,27.8
380,2482.2,147.3,310.3,82.7,22.8
381,2092.6,76.6,261.6,69.8,27.2
382,1923.8,72.6,240.5,64.1,31.0
383,1727.9,93.5,216.0,57.6,29.2
384,1330.3,89.8,166.3,44.3,24.4
385,1211.1,90.1,151.4,40.4,21.2
386,2619.0,162.6,327.4,87.3,21.1
387,1616.9,75.2,202.1,53.9,30.0
388,1930.0,97.3,241.2,64.3,19.6
389,2473.2,144.8,309.2,82.4,17.3
390,2611.9,165.2,326.5,87.1,15.3
391,2742.8,128.8,342.9,91.4,15.1
392,3343.1,122.8,417.9,111.4,28.5
393,3219.9,96.5,402.5,107.3,28.3
394,1965.2,75.5,245.7,65.5,16.3
395,2467.9,175.1,308.5,82.3,34.4
396,2899.7,162.6,362.5,96.7,16.9
397,2944.1,150.2,368.0,98.1,16.6
398,2587.5,156.2,323.4,86.3,31.2
399,1325.5,75.7,165.7,44.2,22.7
400,2728.5,112.5,341.1,91.0,33.8
401,2443.0,130.5,305.4,81.4,16.5
402,1898.5,86.6,237.3,63.3,32.0
403,1548.9,71.2,193.6,51.6,15.2
404,1320.6,87.4,165.1,44.0,27.2
405,2086.9,96.7,260.9,69.6,27.0
406,2990.3,121.9,373.8,99.7,19.5
407,2861.2,97.3,357.7,95.4,28.8
408,3166.3,85.4,395.8,105.5,19.0
409,2084.2,99.6,260.5,69.5,17.5
410,3189.3,127.6,398.7,106.3,21.6
411,2951.6,84.9,369.0,98.4,27.6
412,1819.0,102.2,227.4,60.6,30.7
413,2399.6,142.1,300.0,80.0,25.0
414,3055.4,102.8,381.9,101.8,16.3
415,1620.6,90.9,202.6,54.0,21.6
416,1913.6,104.2,239.2,63.8,20.8
417,2633.4,124.3,329.2,87.8,22.1
418,2839.5,156.0,354.9,94.6,25.1
419,1504.6,96.0,188.1,50.2,33.2
420,2925.5,124.4,365.7,97.5,17.4
421,2034.8,87.7,254.4,67.8,23.3
422,1544.6,69.8,193.1,51.5,29.5
423,2526.6,141.1,315.8,84.2,23.3
424,2846.4,105.4,355.8,94.9,34.9
425,3458.8,115.2,432.4,115.3,31.1
426,1954.7,103.6,244.3,65.2,28.1
427,2062.6,98.3,257.8,68.8,26.3
428,1688.8,95.6,211.1,56.3,34.1
429,3062.7,108.1,382.8,102.1,20.3
430,2823.0,131.4,352.9,94.1,32.0
431,2851.5,164.4,356.4,95.1,21.4
432,2980.3,120.4,372.5,99.3,23.2
433,2516.1,163.3,314.5,83.9,19.8
434,2016.9,103.8,252.1,67.2,21.9
435,1936.0,101.1,242.0,64.5,34.1
436,3415.6,115.4,427.0,113.9,26.7
437,2590.4,98.4,323.8,86.3,21.9
438,2520.2,146.6,315.0,84.0,18.8
439,3446.1,108.2,430.8,114.9,28.0
440,3241.2,118.2,405.2,108.0,34.2
441,2805.4,165.4,350.7,93.5,22.7
442,1806.1,74.7,225.8,60.2,30.6
443,1252.2,85.5,156.5,41.7,15.6
444,1429.7,82.5,178.7,47.7,21.5
445,2729.7,81.7,341.2,91.0,25.6
446,2627.9,179.7,328.5,87.6,23.8
447,1200.4,65.6,150.1,40.0,33.0
448,2161.3,107.1,270.2,72.0,29.2
449,3050.6,107.5,381.3,101.7,33.9
450,2326.4,165.5,290.8,77.5,26.6
451,2926.9,122.6,365.9,97.6,23.6
452,1887.9,76.6,236.0,62.9,15.3
453,2058.7,78.9,257.3,68.6,30.5
454,1502.0,99.5,187.7,50.1,22.5
455,1452.3,60.0,181.5,48.4,27.8
456,3079.3,114.8,384.9,102.6,22.0
457,3159.4,96.3,394.9,105.3,31.1
458,2871.2,170.8,358.9,95.7,26.8
459,2591.3,122.0,323.9,86.4,20.2
460,1691.2,68.0,211.4,56.4,19.9
461,2514.0,163.5,314.2,83.8,15.1
462,1767.8,99.8,221.0,58.9,20.4
463,1455.4,82.0,181.9,48.5,25.7
464,2098.5,79.6,262.3,70.0,28.2
465,3255.1,105.9,406.9,108.5,25.1
466,3033.8,82.9,379.2,101.1,18.2
467,2712.3,84.7,339.0,90.4,34.4
468,2840.6,145.3,355.1,94.7,32.6
469,1851.1,80.9,231.4,61.7,24.9
470,1505.0,61.9,188.1,50.2,15.7
471,1931.1,72.1,241.4,64.4,15.3
472,2590.6,94.7,323.8,86.4,17.4
473,2452.4,167.2,306.5,81.7,30.4
474,1207.8,61.0,151.0,40.3,33.3
475,1602.9,98.6,200.4,53.4,33.5
476,2560.6,151.1,320.1,85.4,33.8
477,2406.1,146.5,300.8,80.2,30.2
478,2731.8,95.5,341.5,91.1,24.9
479,2744.0,100.1,343.0,91.5,26.4
480,2128.1,95.4,266.0,70.9,15.6
481,1562.6,64.2,195.3,52.1,17.1
482,2012.5,107.9,251.6,67.1,22.6
483,1240.6,68.8,155.1,41.4,17.2
484,3459.1,97.5,432.4,115.3,17.5
485,3160.3,111.9,395.0,105.3,28.1
486,3209.7,97.9,401.2,107.0,16.4
487,2586.6,125.1,323.3,86.2,28.1
488,2696.3,97.7,337.0,89.9,21.0
489,1648.8,83.1,206.1,55.0,18.3
490,1546.4,62.5,193.3,51.5,18.6
491,1538.8,84.9,192.4,51.3,29.8
492,2035.9,99.1,254.5,67.9,19.6
493,3271.6,92.3,408.9,109.1,25.8
494,1468.6,76.7,183.6,49.0,24.4
495,2882.1,122.2,360.3,96.1,27.7
496,1698.8,93.7,212.4,56.6,25.5
497,2950.3,173.8,368.8,98.3,31.8
498,2157.7,101.2,269.7,71.9,31.6
499,1806.7,78.5,225.8,60.2,27.2
500,3473.8,107.5,434.2,115.8,25.7
501,2429.4,160.1,303.7,81.0,28.0
502,2217.1,126.0,277.1,73.9,18.9
503,2391.1,161.4,298.9,79.7,26.4
504,1881.8,94.9,235.2,62.7,28.7
505,2947.7,80.4,368.5,98.3,22.7
506,1952.8,90.4,244.1,65.1,32.5
507,2577.5,140.9,322.2,85.9,21.2
508,1831.9,83.0,229.0,61.1,19.4
509,2859.9,126.3,357.5,95.3,31.3
510,2607.5,123.4,325.9,86.9,23.8
511,1979.6,103.7,247.5,66.0,24.9
512,2674.3,179.3,334.3,89.1,30.6
513,2850.2,153.5,356.3,95.0,27.1
514,3263.2,123.7,407.9,108.8,16.2
515,2324.9,178.2,290.6,77.5,34.8
516,2455.7,146.3,307.0,81.9,15.7
517,1502.1,90.1,187.8,50.1,18.7
518,2743.7,120.8,343.0,91.5,23.4
519,1951.2,89.6,243.9,65.0,24.6
520,3094.6,112.2,386.8,103.2,20.3
521,3097.1,113.1,387.1,103.2,18.5
522,1929.5,100.0,241.2,64.3,24.3
523,1313.6,76.2,164.2,43.8,26.5
524,2914.2,127.4,364.3,97.1,29.0
525,2594.7,117.3,324.3,86.5,21.3
526,1981.0,100.6,247.6,66.0,22.1
527,3219.2,128.6,402.4,107.3,20.9
528,1686.5,92.9,210.8,56.2,25.6
529,2193.2,82.9,274.2,73.1,29.4
530,1592.8,97.9,199.1,53.1,26.5
531,1229.1,64.5,153.6,41.0,25.4
532,2958.6,165.7,369.8,98.6,17.1
533,1844.9,99.4,230.6,61.5,24.5
534,2749.7,91.6,343.7,91.7,32.3
535,1829.8,88.4,228.7,61.0,20.7
536,1452.3,99.7,181.5,48.4,28.0
537,1236.2,76.5,154.5,41.2,32.3
538,1793.9,60.4,224.2,59.8,27.2
539,1880.9,99.4,235.1,62.7,34.8
540,3359.5,91.2,419.9,112.0,23.7
541,1621.5,67.1,202.7,54.1,24.7
542,2607.3,145.7,325.9,86.9,20.0
543,3125.6,117.3,390.7,104.2,33.0
544,2876.8,114.4,359.6,95.9,32.1
545,2111.0,93.1,263.9,70.4,19.9
546,1574.2,95.4,196.8,52.5,17.8
547,2107.7,88.1,263.5,70.3,21.8
548,2816.8,124.0,352.1,93.9,21.7
549,1988.2,91.2,248.5,66.3,34.1
550,1280.1,67.7,160.0,42.7,25.9
551,1694.3,68.1,211.8,56.5,18.3
552,2415.5,160.6,301.9,80.5,32.5
553,1287.2,63.5,160.9,42.9,17.2
554,3025.3,113.6,378.2,100.8,30.5
555,2086.1,97.5,260.8,69.5,33.2
556,1426.7,97.4,178.3,47.6,34.2
557,2400.7,145.1,300.1,80.0,31.1
558,1771.6,99.9,221.5,59.1,27.7
559,1809.8,97.4,226.2,60.3,21.9
560,1796.1,78.8,224.5,59.9,30.1
561,2100.8,97.8,262.6,70.0,23.3
562,2596.0,129.5,324.5,86.5,18.8
563,1849.1,94.4,231.1,61.6,18.6
564,2028.8,81.2,253.6,67.6,30.4
565,2770.2,130.5,346.3,92.3,34.3
566,2722.9,105.5,340.4,90.8,28.9
567,2893.6,165.9,361.7,96.5,32.1
568,2348.3,134.4,293.5,78.3,26.6
569,1720.5,63.8,215.1,57.4,25.0
570,2774.6,98.4,346.8,92.5,16.3
571,1523.5,66.6,190.4,50.8,25.8
572,1517.9,96.9,189.7,50.6,19.8
573,1356.8,60.1,169.6,45.2,32.8
574,2847.2,91.2,355.9,94.9,19.1
575,3414.9,105.3,426.9,113.8,23.6
576,1314.5,86.7,164.3,43.8,32.4
577,2207.3,179.0,275.9,73.6,26.6
578,2804.0,177.1,350.5,93.5,22.2
579,2280.2,169.7,285.0,76.0,25.1
580,2085.5,96.2,260.7,69.5,16.8
581,2318.2,164.3,289.8,77.3,22.3
582,1514.7,66.9,189.3,50.5,25.8
583,1744.3,72.5,218.0,58.1,20.8
584,2700.1,137.9,337.5,90.0,22.7
585,2074.1,91.0,259.3,69.1,32.5
586,1523.0,68.4,190.4,50.8,26.5
587,2140.4,91.8,267.6,71.3,18.5
588,1558.8,86.0,194.8,52.0,20.8
589,1480.1,95.0,185.0,49.3,19.3
590,2367.5,143.8,295.9,78.9,19.9
591,2140.8,81.7,267.6,71.4,15.8
592,1481.5,89.8,185.2,49.4,34.3
593,1291.3,90.8,161.4,43.0,19.7
594,2707.5,124.5,338.4,90.2,21.2
595,2549.1,121.3,318.6,85.0,20.7
596,1731.8,80.0,216.5,57.7,26.4
597,2705.4,146.0,338.2,90.2,35.0
598,2754.1,112.6,344.3,91.8,19.5
599,2198.9,71.4,274.9,73.3,33.9
600,1824.4,108.0,228.1,60.8,17.0
601,1447.2,90.7,180.9,48.2,23.6
602,3484.7,128.6,435.6,116.2,25.5
603,2862.8,95.9,357.9,95.4,16.4
604,2100.1,91.3,262.5,70.0,21.6
605,3115.3,126.3,389.4,103.8,34.0
606,2321.8,173.7,290.2,77.4,22.0
607,3263.8,85.2,408.0,108.8,15.0
608,2449.8,145.6,306.2,81.7,15.7
609,2092.4,101.0,261.6,69.7,29.9
610,3239.8,119.5,405.0,108.0,18.7
611,1955.8,70.2,244.5,65.2,23.4
612,2214.1,126.2,276.8,73.8,20.2
613,2064.0,78.0,258.0,68.8,31.6
614,2699.4,174.5,337.4,90.0,29.4
615,2913.0,128.0,364.1,97.1,21.2
616,1829.0,71.0,228.6,61.0,22.8
617,1495.0,81.8,186.9,49.8,21.4
618,2970.6,126.5,371.3,99.0,32.0
619,2647.5,83.8,330.9,88.3,22.0
620,3374.9,125.6,421.9,112.5,20.5
621,1738.1,91.0,217.3,57.9,26.4
622,2477.2,164.6,309.7,82.6,31.9
623,2514.0,83.8,314.2,83.8,16.4
624,2940.0,161.2,367.5,98.0,30.1
625,2046.6,85.0,255.8,68.2,18.4
626,3161.2,81.3,395.2,105.4,21.9
627,1758.1,61.2,219.8,58.6,23.5
628,1977.8,80.1,247.2,65.9,21.8
629,3430.1,112.9,428.8,114.3,30.5
630,1999.8,73.2,250.0,66.7,24.1
631,2808.3,141.4,351.0,93.6,29.7
632,1239.6,82.5,154.9,41.3,31.0
633,2021.0,76.6,252.6,67.4,30.1
634,2031.6,76.3,253.9,67.7,31.4
635,1872.0,108.3,234.0,62.4,33.0
636,2257.8,167.2,282.2,75.3,18.6
637,3009.0,123.0,376.1,100.3,28.6
638,1283.2,93.8,160.4,42.8,32.5
639,2019.0,74.8,252.4,67.3,31.3
640,1450.2,77.2,181.3,48.3,21.7
641,2545.5,96.4,318.2,84.8,16.1
642,3236.7,129.3,404.6,107.9,17.7
643,1649.9,84.0,206.2,55.0,19.6
644,2040.3,79.5,255.0,68.0,19.9
645,2971.4,165.0,371.4,99.0,22.3
646,2096.7,76.7,262.1,69.9,20.0
647,2517.9,129.1,314.7,83.9,34.5
648,2024.5,90.2,253.1,67.5,20.6
649,1818.9,106.5,227.4,60.6,34.0
650,3469.5,122.0,433.7,115.6,24.6
651,2893.0,92.8,361.6,96.4,26.9
652,3091.9,87.7,386.5,103.1,29.6
653,3257.5,116.9,407.2,108.6,15.4
654,2724.8,81.3,340.6,90.8,23.2
655,1352.8,63.8,169.1,45.1,26.1
656,2062.1,103.2,257.8,68.7,26.8
657,1818.7,82.8,227.3,60.6,15.4
658,2189.8,100.2,273.7,73.0,20.4
659,2068.4,104.2,258.6,68.9,28.2
660,1933.8,71.1,241.7,64.5,21.3
661,2645.7,174.7,330.7,88.2,24.3
662,1868.2,72.4,233.5,62.3,16.0
663,2402.5,135.4,300.3,80.1,26.4
664,1338.9,64.3,167.4,44.6,16.4
665,2624.9,127.0,328.1,87.5,32.1
666,1804.0,78.0,225.5,60.1,20.1
667,2894.5,114.0,361.8,96.5,25.1
668,2421.6,176.9,302.7,80.7,22.9
669,2739.4,149.2,342.4,91.3,19.2
670,2793.8,93.9,349.2,93.1,22.6
671,1426.2,60.2,178.3,47.5,17.7
672,2515.0,163.8,314.4,83.8,30.3
673,2881.0,167.7,360.1,96.0,20.3
674,2318.4,153.5,289.8,77.3,25.9
675,2693.0,105.8,336.6,89.8,19.2
676,2055.8,84.2,257.0,68.5,32.2
677,1674.3,87.1,209.3,55.8,26.7
678,2782.0,95.3,347.8,92.7,26.6
679,3273.7,85.8,409.2,109.1,15.4
680,1958.4,101.0,244.8,65.3,21.6
681,2189.7,84.9,273.7,73.0,28.8
682,1972.2,92.4,246.5,65.7,33.9
683,3435.3,90.9,429.4,114.5,29.8
684,2541.9,144.0,317.7,84.7,25.5
685,2567.9,129.0,321.0,85.6,31.7
686,3053.5,92.4,381.7,101.8,19.9
687,1954.2,80.7,244.3,65.1,27.2
688,2903.3,150.9,362.9,96.8,30.1
689,2376.2,132.6,297.0,79.2,27.5
690,3478.1,92.0,434.8,115.9,22.3
691,1644.3,95.3,205.5,54.8,22.9
692,1513.2,81.5,189.1,50.4,21.9
693,2344.7,168.3,293.1,78.2,31.7
694,1727.8,71.6,216.0,57.6,32.3
695,1837.2,80.2,229.6,61.2,31.2
696,2988.8,116.0,373.6,99.6,24.1
697,1931.6,99.1,241.5,64.4,19.0
698,2895.5,147.0,361.9,96.5,24.3
699,1365.3,83.5,170.7,45.5,27.3
700,2030.4,86.7,253.8,67.7,25.7
701,2682.5,141.9,335.3,89.4,30.8
702,1786.0,73.5,223.2,59.5,24.6
703,2950.7,110.5,368.8,98.4,16.9
704,2171.8,96.5,271.5,72.4,30.5
705,2400.7,140.6,300.1,80.0,19.1
706,3397.0,107.1,424.6,113.2,32.0
707,3080.6,126.1,385.1,102.7,25.4
708,2098.3,81.7,262.3,69.9,17.2
709,3174.4,128.3,396.8,105.8,21.3
710,2050.0,81.1,256.2,68.3,19.3
711,1484.3,88.5,185.5,49.5,18.2
712,2604.1,114.2,325.5,86.8,28.2
713,2002.5,96.5,250.3,66.7,31.0
714,1606.5,77.0,200.8,53.5,33.5
715,2035.3,85.5,254.4,67.8,25.1
716,2344.8,144.6,293.1,78.2,21.2
717,2570.1,81.6,321.3,85.7,25.8
718,1399.1,99.9,174.9,46.6,33.3
719,2919.6,126.7,364.9,97.3,17.2
720,2316.3,139.7,289.5,77.2,24.5
721,2659.8,121.6,332.5,88.7,26.1
722,2314.9,166.2,289.4,77.2,31.8
723,1299.7,79.6,162.5,43.3,26.2
724,2713.1,152.0,339.1,90.4,22.3
725,1589.1,70.3,198.6,53.0,34.1
726,3082.5,111.2,385.3,102.7,23.1
727,1582.9,71.7,197.9,52.8,29.4
728,2478.1,180.0,309.8,82.6,30.6
729,2900.5,131.6,362.6,96.7,29.3
730,1824.7,101.8,228.1,60.8,19.3
731,2919.4,132.2,364.9,97.3,25.6
732,1947.4,86.1,243.4,64.9,24.9
733,2993.0,86.2,374.1,99.8,30.0
734,2867.7,135.3,358.5,95.6,29.2
735,2139.0,80.8,267.4,71.3,21.1
736,2504.8,117.3,313.1,83.5,20.4
737,1670.6,74.8,208.8,55.7,15.9
738,1343.1,94.5,167.9,44.8,17.5
739,3226.6,95.6,403.3,107.6,30.5
740,1466.7,99.7,183.3,48.9,24.7
741,1550.6,81.0,193.8,51.7,18.2
742,3233.0,105.2,404.1,107.8,33.0
743,1649.5,72.2,206.2,55.0,24.1
744,1323.7,70.7,165.5,44.1,34.9
745,1626.7,83.0,203.3,54.2,29.8
746,2319.4,171.8,289.9,77.3,17.3
747,1711.6,96.8,214.0,57.1,24.6
748,2355.9,144.7,294.5,78.5,27.6
749,1726.2,99.7,215.8,57.5,23.9
750,2951.7,150.5,369.0,98.4,31.7
751,2134.5,98.1,266.8,71.2,33.8
752,2974.0,134.6,371.8,99.1,28.3
753,3409.8,125.5,426.2,113.7,31.8
754,2822.6,128.7,352.8,94.1,29.9
755,2314.3,158.9,289.3,77.1,26.8
756,2836.9,161.6,354.6,94.6,24.9
757,1272.2,73.0,159.0,42.4,29.3
758,2502.0,111.8,312.8,83.4,24.5
759,2942.7,162.0,367.8,98.1,20.1
760,1777.8,66.3,222.2,59.3,22.5
761,3293.3,82.3,411.7,109.8,17.4
762,2160.2,86.4,270.0,72.0,22.9
763,2595.4,141.1,324.4,86.5,24.6
764,3499.7,101.9,437.5,116.7,34.8
765,3381.3,108.8,422.7,112.7,29.1
766,2075.4,74.1,259.4,69.2,23.6
767,2096.5,83.0,262.1,69.9,23.2
768,2118.7,81.8,264.8,70.6,35.0
769,1983.4,92.8,247.9,66.1,27.1
770,1214.1,71.8,151.8,40.5,25.2
771,3129.1,104.4,391.1,104.3,29.4
772,2961.9,86.8,370.2,98.7,32.3
773,2139.3,87.5,267.4,71.3,17.9
774,2478.2,134.8,309.8,82.6,16.4
775,2056.1,109.7,257.0,68.5,26.5
776,1391.1,72.4,173.9,46.4,23.4
777,1731.5,65.0,216.4,57.7,23.4
778,2860.9,143.0,357.6,95.4,24.3
779,2913.1,129.5,364.1,97.1,28.1
780,1609.2,77.4,201.2,53.6,15.4
781,2077.5,74.3,259.7,69.2,29.2
782,2762.3,122.0,345.3,92.1,31.3
783,1435.7,62.6,179.5,47.9,20.1
784,2080.6,104.8,260.1,69.4,24.4
785,2593.6,86.8,324.2,86.5,30.9
786,3172.0,120.8,396.5,105.7,29.2
787,2883.9,101.8,360.5,96.1,34.4
788,1371.9,60.2,171.5,45.7,19.7
789,2707.9,136.7,338.5,90.3,27.5
790,2060.8,97.7,257.6,68.7,23.2
791,2026.1,78.9,253.3,67.5,19.5
792,1866.7,108.7,233.3,62.2,29.9
793,1748.1,78.7,218.5,58.3,28.3
794,1419.4,95.6,177.4,47.3,19.8
795,3467.0,81.6,433.4,115.6,21.7
796,1334.6,64.6,166.8,44.5,22.6
797,2845.2,171.4,355.6,94.8,30.1
798,1747.6,82.4,218.4,58.3,20.9
799,1932.9,84.9,241.6,64.4,23.2
800,2815.3,81.5,351.9,93.8,15.2
801,1641.0,86.6,205.1,54.7,34.6
802,1803.4,108.6,225.4,60.1,18.1
803,2957.0,122.2,369.6,98.6,23.0
804,1997.1,101.9,249.6,66.6,20.8
805,1276.0,67.6,159.5,42.5,33.6
806,3086.7,121.9,385.8,102.9,34.3
807,1527.7,77.4,191.0,50.9,18.5
808,1760.2,82.5,220.0,58.7,26.9
809,2899.4,134.8,362.4,96.6,23.6
810,1814.0,95.9,226.7,60.5,21.7
811,1407.5,74.6,175.9,46.9,24.7
812,3261.4,109.4,407.7,108.7,30.1
813,2755.8,141.8,344.5,91.9,32.3
814,1880.3,105.1,235.0,62.7,20.0
815,1400.7,62.7,175.1,46.7,34.6
816,1981.7,77.9,247.7,66.1,30.3
817,1900.5,104.7,237.6,63.3,25.6
818,2215.9,124.0,277.0,73.9,34.9
819,1453.9,66.4,181.7,48.5,18.9
820,2415.1,165.8,301.9,80.5,22.9
821,2746.6,124.6,343.3,91.6,18.0
822,3199.9,125.8,400.0,106.7,30.4
823,2748.3,120.6,343.5,91.6,17.6
824,2070.1,80.5,258.8,69.0,32.6
825,2949.7,117.1,368.7,98.3,25.2
826,2984.2,120.1,373.0,99.5,20.4
827,2752.8,130.1,344.1,91.8,29.4
828,1828.9,92.3,228.6,61.0,20.4
829,3274.4,107.8,409.3,109.1,32.6
830,2063.3,79.9,257.9,68.8,30.4
831,2179.4,92.2,272.4,72.6,30.3
832,2145.8,99.1,268.2,71.5,29.7
833,2619.4,86.8,327.4,87.3,23.0
834,1266.0,90.2,158.2,42.2,27.0
835,2508.3,80.7,313.5,83.6,32.0
836,2823.6,107.1,353.0,94.1,26.9
837,1723.6,73.2,215.4,57.5,28.1
838,2195.7,71.7,274.5,73.2,17.4
839,2212.9,133.0,276.6,73.8,29.2
840,1215.1,99.8,151.9,40.5,26.1
841,2792.9,161.7,349.1,93.1,32.9
842,2839.1,129.0,354.9,94.6,29.2
843,2841.3,112.1,355.2,94.7,29.4
844,3157.3,120.5,394.7,105.2,26.8
845,2538.0,89.2,317.3,84.6,17.1
846,1341.5,62.7,167.7,44.7,23.2
847,1965.9,82.1,245.7,65.5,15.4
848,1854.8,95.5,231.9,61.8,18.2
849,1773.6,71.6,221.7,59.1,23.6
850,1468.8,76.9,183.6,49.0,20.2
851,2604.6,128.9,325.6,86.8,28.7
852,3227.2,108.3,403.4,107.6,32.3
853,2517.2,129.5,314.7,83.9,24.1
854,1685.2,84.9,210.7,56.2,31.5
855,2826.7,135.8,353.3,94.2,33.0
856,1634.6,84.0,204.3,54.5,31.9
857,1433.3,94.5,179.2,47.8,18.0
858,1897.9,73.2,237.2,63.3,31.9
859,2796.1,142.2,349.5,93.2,34.4
860,1412.4,88.6,176.5,47.1,32.4
861,2103.6,85.6,263.0,70.1,24.8
862,1716.4,80.5,214.5,57.2,16.9
863,1809.1,109.2,226.1,60.3,27.5
864,2139.7,82.1,267.5,71.3,33.5
865,2027.9,100.2,253.5,67.6,20.8
866,2600.4,93.5,325.1,86.7,15.8
867,2508.5,172.5,313.6,83.6,29.1
868,2650.8,139.4,331.4,88.4,30.9
869,2630.2,86.4,328.8,87.7,19.5
870,1483.1,65.9,185.4,49.4,20.4
871,3227.5,129.1,403.4,107.6,33.3
872,1954.2,73.8,244.3,65.1,18.7
873,1259.2,68.7,157.4,42.0,32.3
874,1418.4,93.6,177.3,47.3,30.6
875,1494.0,72.8,186.8,49.8,22.9
876,3004.0,80.7,375.5,100.1,21.5
877,1502.4,83.1,187.8,50.1,21.2
878,2185.7,90.7,273.2,72.9,22.4
879,2706.8,175.5,338.3,90.2,31.8
880,3175.3,103.7,396.9,105.8,25.6
881,2651.7,175.7,331.5,88.4,17.5
882,1303.2,77.3,162.9,43.4,22.7
883,1428.5,67.8,178.6,47.6,22.4
884,2166.1,86.6,270.8,72.2,17.8
885,1983.4,97.5,247.9,66.1,17.8
886,1965.7,79.4,245.7,65.5,31.1
887,1482.0,69.2,185.3,49.4,20.1
888,2625.9,156.8,328.2,87.5,27.1
889,1651.6,73.8,206.4,55.1,21.8
890,2196.0,103.4,274.5,73.2,31.4
891,2823.3,122.0,352.9,94.1,33.1
892,1670.1,92.9,208.8,55.7,31.9
893,1736.4,60.7,217.1,57.9,32.2
894,2997.1,113.9,374.6,99.9,15.5
895,2629.9,94.8,328.7,87.7,32.4
896,1210.6,90.0,151.3,40.4,28.2
897,2657.1,136.0,332.1,88.6,19.5
898,2864.8,90.7,358.1,95.5,16.9
899,1728.1,85.7,216.0,57.6,28.9
900,3121.3,81.5,390.2,104.0,19.3
901,2179.9,99.4,272.5,72.7,17.5
902,1517.2,93.5,189.6,50.6,30.0
903,3466.3,122.8,433.3,115.5,27.7
904,1733.1,76.9,216.6,57.8,24.7
905,2097.9,88.8,262.2,69.9,27.9
906,2635.7,82.6,329.5,87.9,33.5
907,1831.8,104.9,229.0,61.1,20.9
908,2020.5,90.4,252.6,67.4,19.9
909,1987.3,92.3,248.4,66.2,22.9
910,1675.4,85.7,209.4,55.8,23.9
911,1626.9,91.4,203.4,54.2,30.1
912,1586.6,67.5,198.3,52.9,33.7
913,3432.4,87.1,429.1,114.4,21.5
914,3091.5,127.1,386.4,103.0,17.6
915,2763.7,98.0,345.5,92.1,30.3
916,1486.1,90.8,185.8,49.5,24.1
917,1900.9,87.8,237.6,63.4,21.8
918,2664.9,85.3,333.1,88.8,31.1
919,1515.3,73.8,189.4,50.5,16.9
920,1761.4,71.3,220.2,58.7,21.2
921,2198.1,79.1,274.8,73.3,22.6
922,2625.0,154.9,328.1,87.5,22.9
923,2106.3,89.6,263.3,70.2,31.6
924,2149.3,77.1,268.7,71.6,30.7
925,2103.2,101.8,262.9,70.1,20.7
926,2831.2,114.4,353.9,94.4,28.8
927,2035.1,92.4,254.4,67.8,22.4
928,2602.4,155.6,325.3,86.7,23.9
929,1484.9,95.2,185.6,49.5,26.5
930,3452.2,121.5,431.5,115.1,28.6
931,2677.7,97.0,334.7,89.3,17.6
932,3139.0,87.5,392.4,104.6,34.5
933,1926.9,86.3,240.9,64.2,32.0
934,2770.2,162.2,346.3,92.3,24.5
935,2180.1,86.5,272.5,72.7,34.7
936,2715.9,151.5,339.5,90.5,30.9
937,1511.9,90.5,189.0,50.4,25.3
938,2934.5,115.9,366.8,97.8,29.9
939,1831.4,79.0,228.9,61.0,26.5
940,1571.0,71.6,196.4,52.4,27.7
941,2191.3,93.4,273.9,73.0,29.1
942,2564.6,115.6,320.6,85.5,21.7
943,2550.6,133.8,318.8,85.0,27.7
944,2969.0,123.1,371.1,99.0,27.4
945,1984.3,89.8,248.0,66.1,26.4
946,2310.1,160.5,288.8,77.0,25.1
947,1669.2,75.2,208.6,55.6,31.6
948,1916.8,108.4,239.6,63.9,33.9
949,2902.3,160.7,362.8,96.7,26.4
950,3208.0,107.7,401.0,106.9,27.6
951,2848.1,167.7,356.0,94.9,15.4
952,3050.1,112.2,381.3,101.7,15.5
953,1218.1,89.7,152.3,40.6,18.6
954,2126.8,96.7,265.8,70.9,26.9
955,2516.1,139.2,314.5,83.9,21.4
956,2823.4,97.0,352.9,94.1,20.1
957,3082.7,117.7,385.3,102.8,15.9
958,1619.6,77.8,202.4,54.0,27.6
959,1670.7,99.6,208.8,55.7,15.3
960,1506.8,60.1,188.3,50.2,20.3
961,2952.1,150.9,369.0,98.4,24.7
962,2346.7,129.4,293.3,78.2,18.5
963,3357.8,125.0,419.7,111.9,20.9
964,3476.0,114.6,434.5,115.9,34.2
965,2923.5,115.2,365.4,97.5,17.6
966,2437.9,151.0,304.7,81.3,32.1
967,2959.9,140.7,370.0,98.7,24.1
968,2034.5,76.2,254.3,67.8,21.6
969,2344.0,133.0,293.0,78.1,33.2
970,2705.7,127.2,338.2,90.2,21.6
971,1766.7,78.5,220.8,58.9,28.5
972,1607.9,79.9,201.0,53.6,19.3
973,1741.9,91.5,217.7,58.1,17.6
974,2119.7,100.8,265.0,70.7,25.6
975,2585.7,122.9,323.2,86.2,28.3
976,2509.1,115.4,313.6,83.6,26.8
977,3099.3,92.8,387.4,103.3,24.4
978,1991.0,95.2,248.9,66.4,28.7
979,2345.9,150.6,293.2,78.2,34.1
980,1965.2,107.6,245.6,65.5,34.8
981,2677.1,148.9,334.6,89.2,20.3
982,1436.6,95.5,179.6,47.9,34.6
983,2041.7,89.9,255.2,68.1,28.4
984,2579.7,167.6,322.5,86.0,33.0
985,2800.0,147.6,350.0,93.3,30.0
986,1868.1,100.7,233.5,62.3,22.4
987,2923.2,112.8,365.4,97.4,19.9
988,1793.7,62.0,224.2,59.8,18.1
989,2102.9,85.5,262.9,70.1,34.8
990,2166.9,84.9,270.9,72.2,17.9
991,2862.4,106.6,357.8,95.4,29.6
992,2911.6,149.4,363.9,97.1,21.4
993,2510.5,128.5,313.8,83.7,30.2
994,1647.7,86.4,206.0,54.9,18.5
995,2075.4,96.1,259.4,69.2,21.0
996,1984.5,85.4,248.1,66.2,33.9
997,2915.2,113.9,364.4,97.2,33.8
998,2346.7,142.7,293.3,78.2,20.2
999,2758.1,167.3,344.8,91.9,19.1
1000,1962.0,107.3,245.2,65.4,17.1
1001,2658.5,130.6,332.3,88.6,34.2
1002,2941.4,99.7,367.7,98.0,21.0
1003,1889.2,104.7,236.1,63.0,15.8
1004,2454.7,157.8,306.8,81.8,31.7
1005,1435.9,99.7,179.5,47.9,19.4
1006,2213.2,159.1,276.7,73.8,19.0
1007,2316.1,175.5,289.5,77.2,30.9
1008,2243.1,160.7,280.4,74.8,22.8
1009,2556.5,105.5,319.6,85.2,32.4
1010,1779.0,92.4,222.4,59.3,31.9
1011,1822.2,82.0,227.8,60.7,33.2
1012,1843.2,78.2,230.4,61.4,28.1
1013,1659.1,95.7,207.4,55.3,18.9
1014,1759.3,89.2,219.9,58.6,30.0
1015,2994.9,157.9,374.4,99.8,27.1
1016,1946.0,76.4,243.2,64.9,33.4
1017,1732.1,90.6,216.5,57.7,26.9
1018,2032.3,91.8,254.0,67.7,23.8
1019,2575.1,123.7,321.9,85.8,22.2
1020,3016.8,109.2,377.1,100.6,30.4
1021,1484.5,99.4,185.6,49.5,28.9
1022,2168.0,85.4,271.0,72.3,30.3
1023,2944.4,139.5,368.0,98.1,29.1
1024,2683.1,121.1,335.4,89.4,24.6
1025,1819.9,75.1,227.5,60.7,19.9
1026,2820.7,169.5,352.6,94.0,19.2
1027,1851.5,90.4,231.4,61.7,18.9
1028,3315.4,101.0,414.4,110.5,18.1
1029,2749.7,117.9,343.7,91.7,31.9
1030,2429.7,141.6,303.7,81.0,24.6
1031,1615.9,89.7,202.0,53.9,34.8
1032,3026.3,88.6,378.3,100.9,27.5
1033,1424.6,88.9,178.1,47.5,22.1
1034,1448.2,63.4,181.0,48.3,23.7
1035,1792.6,74.6,224.1,59.8,26.2
1036,1862.6,78.8,232.8,62.1,22.4
1037,1729.7,87.6,216.2,57.7,21.5
1038,2592.2,121.5,324.0,86.4,34.8
1039,2549.7,120.3,318.7,85.0,28.3
1040,2107.1,91.9,263.4,70.2,32.4
1041,2341.9,175.7,292.7,78.1,30.9
1042,1414.1,65.7,176.8,47.1,32.1
1043,3027.2,104.9,378.4,100.9,22.5
1044,2915.0,141.0,364.4,97.2,33.1
1045,2059.6,82.0,257.4,68.7,33.9
1046,1446.3,86.6,180.8,48.2,32.0
1047,2599.1,144.7,324.9,86.6,28.5
1048,1928.4,88.2,241.0,64.3,18.0
1049,2008.0,74.1,251.0,66.9,15.2
1050,2971.9,179.9,371.5,99.1,34.0
1051,2780.8,123.0,347.6,92.7,25.9
1052,3434.6,104.0,429.3,114.5,23.1
1053,1386.3,97.4,173.3,46.2,22.0
1054,2220.4,160.7,277.6,74.0,25.9
1055,2060.2,82.8,257.5,68.7,15.2
1056,1800.6,106.2,225.1,60.0,26.1
1057,3180.4,101.0,397.6,106.0,26.9
1058,2843.0,135.6,355.4,94.8,25.0
1059,2579.4,90.6,322.4,86.0,25.6
1060,1663.2,81.9,207.9,55.4,23.5
1061,2355.1,143.0,294.4,78.5,27.7
1062,2888.7,96.5,361.1,96.3,33.7
1063,2387.2,169.0,298.4,79.6,23.9
1064,3243.8,100.4,405.5,108.1,19.6
1065,2181.1,93.1,272.6,72.7,32.2
1066,1862.5,104.6,232.8,62.1,28.8
1067,2935.9,130.2,367.0,97.9,17.3
1068,1754.9,73.8,219.4,58.5,18.6
1069,1994.0,78.3,249.2,66.5,32.7
1070,1999.5,81.5,249.9,66.6,21.3
1071,1929.3,76.6,241.2,64.3,27.0
1072,1205.2,96.3,150.7,40.2,15.1
1073,1989.3,100.1,248.7,66.3,15.5
1074,2978.2,125.5,372.3,99.3,26.3
1075,1865.5,73.0,233.2,62.2,22.1
1076,2035.0,88.0,254.4,67.8,34.5
1077,2909.7,80.8,363.7,97.0,25.7
1078,3241.5,95.9,405.2,108.0,17.3
1079,2022.7,87.6,252.8,67.4,21.0
1080,3477.0,91.6,434.6,115.9,23.7
1081,1882.0,87.6,235.2,62.7,25.6
1082,2480.1,147.0,310.0,82.7,21.0
1083,1648.5,87.3,206.1,55.0,21.9
1084,2061.8,84.5,257.7,68.7,17.3
1085,2613.2,111.6,326.7,87.1,25.7
1086,1775.5,70.6,221.9,59.2,30.9
1087,3100.9,99.5,387.6,103.4,33.4
1088,1345.9,82.6,168.2,44.9,18.6
1089,1991.6,89.1,248.9,66.4,24.7
1090,2737.0,112.0,342.1,91.2,16.6
1091,2722.3,93.7,340.3,90.7,24.1
1092,1947.7,106.1,243.5,64.9,16.5
1093,1714.3,84.8,214.3,57.1,33.6
1094,2102.4,103.3,262.8,70.1,24.4
1095,2498.7,155.6,312.3,83.3,28.4
1096,2878.7,133.3,359.8,96.0,29.6
1097,2125.6,71.6,265.7,70.9,30.6
1098,2934.5,139.4,366.8,97.8,15.2
1099,2786.7,117.0,348.3,92.9,23.8
1100,2879.8,107.5,360.0,96.0,20.7
1101,1929.0,92.7,241.1,64.3,26.4
1102,1366.3,97.0,170.8,45.5,20.8
1103,2300.5,159.5,287.6,76.7,32.4
1104,1841.3,75.4,230.2,61.4,27.2
1105,1898.8,105.3,237.3,63.3,16.1
1106,1787.4,76.3,223.4,59.6,19.7
1107,1948.7,101.7,243.6,65.0,32.5
1108,1947.4,107.8,243.4,64.9,21.3
1109,1744.1,83.4,218.0,58.1,25.8
1110,1542.2,99.9,192.8,51.4,18.1
1111,2685.9,115.2,335.7,89.5,26.9
1112,1749.7,81.0,218.7,58.3,26.2
1113,2811.1,139.5,351.4,93.7,24.4
1114,1591.0,82.1,198.9,53.0,30.6
1115,2114.7,109.4,264.3,70.5,24.3
1116,2175.8,79.9,272.0,72.5,26.8
1117,1987.5,78.8,248.4,66.3,27.8
1118,2612.4,134.8,326.5,87.1,23.7
1119,1430.9,61.1,178.9,47.7,25.0
1120,3069.4,104.9,383.7,102.3,31.2
1121,2943.9,178.6,368.0,98.1,30.8
1122,2803.3,161.2,350.4,93.4,20.8
1123,3496.0,113.1,437.0,116.5,23.9
1124,1284.3,76.0,160.5,42.8,33.9
1125,3394.7,116.5,424.3,113.2,34.4
1126,3240.4,114.3,405.1,108.0,15.3
1127,2553.2,133.9,319.1,85.1,18.6
1128,2179.8,86.2,272.5,72.7,18.0
1129,1510.1,73.8,188.8,50.3,22.7
1130,2212.6,157.3,276.6,73.8,28.4
1131,2790.3,145.5,348.8,93.0,17.4
1132,2958.8,96.0,369.9,98.6,26.7
1133,1704.1,98.3,213.0,56.8,33.9
1134,1465.4,71.1,183.2,48.8,27.8
1135,3053.6,115.8,381.7,101.8,26.8
1136,2877.1,153.2,359.6,95.9,28.4
1137,2192.9,96.9,274.1,73.1,21.1
1138,2595.9,162.7,324.5,86.5,30.3
1139,1614.4,92.3,201.8,53.8,22.3
1140,1645.0,73.5,205.6,54.8,27.5
1141,1856.8,90.9,232.1,61.9,32.4
1142,2178.2,71.3,272.3,72.6,24.1
1143,2079.3,71.0,259.9,69.3,16.6
1144,1313.9,61.8,164.2,43.8,27.1
1145,2948.4,83.2,368.6,98.3,17.6
1146,1264.1,75.5,158.0,42.1,19.8
1147,1980.0,71.1,247.5,66.0,33.6
1148,2983.5,127.2,372.9,99.5,33.7
1149,2379.5,154.1,297.4,79.3,31.3
1150,1662.5,64.5,207.8,55.4,34.6
1151,1635.0,66.8,204.4,54.5,16.7
1152,1483.9,79.2,185.5,49.5,15.1
1153,2909.1,161.3,363.6,97.0,26.3
1154,3328.9,106.5,416.1,111.0,25.6
1155,1220.0,82.4,152.5,40.7,28.7
1156,2601.5,178.7,325.2,86.7,23.5
1157,2946.7,151.0,368.3,98.2,17.5
1158,1977.2,78.0,247.2,65.9,22.9
1159,2468.8,144.8,308.6,82.3,33.7
1160,1989.9,84.9,248.7,66.3,33.7
1161,2025.6,88.0,253.2,67.5,19.9
1162,2165.6,101.6,270.7,72.2,20.8
1163,2848.7,139.1,356.1,95.0,29.9
1164,1583.3,95.5,197.9,52.8,24.6
1165,2727.2,141.2,340.9,90.9,15.2
1166,2539.1,96.4,317.4,84.6,31.5
1167,2799.0,159.1,349.9,93.3,29.7
1168,2638.5,121.5,329.8,87.9,25.8
1169,1928.1,83.0,241.0,64.3,24.0
1170,2369.0,149.1,296.1,79.0,20.8
1171,2487.8,148.4,311.0,82.9,18.0
1172,2010.6,76.1,251.3,67.0,33.8
1173,2516.4,94.3,314.6,83.9,22.4
1174,2831.4,164.1,353.9,94.4,33.7
1175,1921.2,79.8,240.1,64.0,23.1
1176,2513.8,113.6,314.2,83.8,23.6
1177,3180.5,85.7,397.6,106.0,21.9
1178,2866.7,99.1,358.3,95.6,23.7
1179,2384.8,137.1,298.1,79.5,29.1
1180,1464.3,86.2,183.0,48.8,15.9
1181,2233.1,169.8,279.1,74.4,21.7
1182,2440.7,176.9,305.1,81.4,26.1
1183,1855.1,95.0,231.9,61.8,15.5
1184,3374.1,108.5,421.8,112.5,28.6
1185,2170.7,85.4,271.3,72.4,27.1
1186,1923.1,79.7,240.4,64.1,23.7
1187,2848.3,114.8,356.0,94.9,32.9
1188,2129.8,107.8,266.2,71.0,33.4
1189,2380.2,159.3,297.5,79.3,19.2
1190,1887.0,81.7,235.9,62.9,17.8
1191,2331.8,141.8,291.5,77.7,30.4
1192,2933.0,125.8,366.6,97.8,15.8
1193,3229.5,91.8,403.7,107.7,16.3
1194,3263.2,94.8,407.9,108.8,27.9
1195,2684.0,93.6,335.5,89.5,27.7
1196,1670.1,85.2,208.8,55.7,29.2
1197,1960.6,79.9,245.1,65.4,27.1
1198,2108.2,99.2,263.5,70.3,20.2
1199,1884.7,106.3,235.6,62.8,29.2
1200,2518.2,115.1,314.8,83.9,32.5
1201,2779.4,172.1,347.4,92.6,25.9
1202,2094.7,89.8,261.8,69.8,18.3
1203,1389.7,72.1,173.7,46.3,28.7
1204,1950.6,99.5,243.8,65.0,16.0
1205,1547.7,97.8,193.5,51.6,19.2
1206,2997.8,80.7,374.7,99.9,26.8
1207,2974.9,173.3,371.9,99.2,34.4
1208,2967.4,174.7,370.9,98.9,17.1
1209,3393.3,91.5,424.2,113.1,27.5
1210,2794.1,110.1,349.3,93.1,28.6
1211,3049.5,98.2,381.2,101.7,17.0
1212,2401.9,135.7,300.2,80.1,23.2
1213,2996.3,142.2,374.5,99.9,19.6
1214,2323.8,141.0,290.5,77.5,23.4
1215,2627.2,100.1,328.4,87.6,25.0
1216,1957.9,100.8,244.7,65.3,18.2
1217,3255.9,124.3,407.0,108.5,22.1
1218,2998.2,117.3,374.8,99.9,26.7
1219,1385.4,71.2,173.2,46.2,15.7
1220,1824.0,92.6,228.0,60.8,25.1
1221,2826.9,127.2,353.4,94.2,33.1
1222,2721.6,125.4,340.2,90.7,21.7
1223,1998.4,107.3,249.8,66.6,15.7
1224,1366.6,75.3,170.8,45.6,33.9
1225,1249.5,93.4,156.2,41.6,30.4
1226,2947.8,124.8,368.5,98.3,21.7
1227,2139.3,80.5,267.4,71.3,17.1
1228,2685.4,93.1,335.7,89.5,34.4
1229,1609.3,80.0,201.2,53.6,27.7
1230,3099.6,119.6,387.4,103.3,29.8
1231,2785.8,129.3,348.2,92.9,20.1
1232,3159.9,122.0,395.0,105.3,31.0
1233,1268.7,68.8,158.6,42.3,29.6
1234,2570.3,122.7,321.3,85.7,26.9
1235,1491.1,77.1,186.4,49.7,15.4
1236,2689.4,107.4,336.2,89.6,18.8
1237,1347.9,75.7,168.5,44.9,21.5
1238,1298.9,96.0,162.4,43.3,31.3
1239,2068.0,70.1,258.5,68.9,31.0
1240,2425.1,160.6,303.1,80.8,21.2
1241,2409.2,165.8,301.2,80.3,20.4
1242,2837.4,146.1,354.7,94.6,17.5
1243,2852.3,94.1,356.5,95.1,21.5
1244,1404.9,63.5,175.6,46.8,18.9
1245,3317.3,101.5,414.7,110.6,18.0
1246,2588.3,106.7,323.5,86.3,33.8
1247,3363.1,98.0,420.4,112.1,16.4
1248,2508.9,113.4,313.6,83.6,20.5
1249,2632.5,128.4,329.1,87.8,22.2
1250,1856.5,89.2,232.1,61.9,15.1
1251,2902.0,107.1,362.7,96.7,27.8
1252,2004.2,81.0,250.5,66.8,32.5
1253,3422.7,114.9,427.8,114.1,23.8
1254,1988.3,76.1,248.5,66.3,18.8
1255,2445.5,161.5,305.7,81.5,18.7
1256,3118.3,104.4,389.8,103.9,33.7
1257,2786.6,134.9,348.3,92.9,23.1
1258,2326.7,134.8,290.8,77.6,18.1
1259,2527.5,146.9,315.9,84.3,33.3
1260,1971.8,81.7,246.5,65.7,32.6
1261,1934.3,90.3,241.8,64.5,25.2
1262,2298.9,158.1,287.4,76.6,20.9
1263,2884.8,128.5,360.6,96.2,27.8
1264,1983.1,81.8,247.9,66.1,28.7
1265,2980.5,137.4,372.6,99.4,27.1
1266,1877.6,72.9,234.7,62.6,23.3
1267,1407.9,95.4,176.0,46.9,18.1
1268,2146.5,99.1,268.3,71.6,32.7
1269,1445.3,70.4,180.7,48.2,31.3
1270,1778.4,60.2,222.3,59.3,28.7
1271,1337.9,86.0,167.2,44.6,33.0
1272,2058.5,78.4,257.3,68.6,18.7
1273,2353.1,143.8,294.1,78.4,33.0
1274,2769.0,132.4,346.1,92.3,17.1
1275,1470.1,60.6,183.8,49.0,19.9
1276,2233.0,132.4,279.1,74.4,28.6
1277,1333.0,68.0,166.6,44.4,28.1
1278,3295.5,113.2,411.9,109.8,32.7
1279,1838.3,70.6,229.8,61.3,23.0
1280,1367.7,92.7,171.0,45.6,18.2
1281,2923.4,106.9,365.4,97.4,32.4
1282,3371.3,91.1,421.4,112.4,25.6
1283,2754.5,174.9,344.3,91.8,27.9
1284,2865.4,89.7,358.2,95.5,17.2
1285,1365.6,95.4,170.7,45.5,32.9
1286,2025.3,91.8,253.2,67.5,16.9
1287,2587.7,135.6,323.5,86.3,16.7
1288,1390.5,92.1,173.8,46.4,15.4
1289,2502.1,145.6,312.8,83.4,25.0
1290,2138.4,79.4,267.3,71.3,22.6
1291,1823.8,85.9,228.0,60.8,34.0
1292,2528.3,179.3,316.0,84.3,18.5
1293,2643.6,123.1,330.4,88.1,24.9
1294,3139.1,86.6,392.4,104.6,33.7
1295,2183.7,74.2,273.0,72.8,30.6
1296,1795.9,65.9,224.5,59.9,34.2
1297,1970.5,95.6,246.3,65.7,33.9
1298,2110.5,83.5,263.8,70.4,34.1
1299,2300.3,123.6,287.5,76.7,20.8
1300,2577.4,123.3,322.2,85.9,31.9
1301,1734.0,79.9,216.8,57.8,28.0
1302,1436.8,88.4,179.6,47.9,32.7
1303,1825.7,92.6,228.2,60.9,27.2
1304,2714.1,131.0,339.3,90.5,34.1
1305,2012.4,86.7,251.5,67.1,22.5
1306,1788.4,68.6,223.5,59.6,26.0
1307,1657.7,82.3,207.2,55.3,31.2
1308,2173.1,74.5,271.6,72.4,15.8
1309,3453.8,103.6,431.7,115.1,18.9
1310,1515.3,98.9,189.4,50.5,16.7
1311,2780.6,89.9,347.6,92.7,15.4
1312,1571.5,84.1,196.4,52.4,34.1
1313,1215.7,62.1,152.0,40.5,31.9
1314,3238.9,99.6,404.9,108.0,23.0
1315,2539.6,80.4,317.4,84.7,18.5
1316,3152.0,94.2,394.0,105.1,20.7
1317,3325.3,124.6,415.7,110.8,24.0
1318,1514.1,81.4,189.3,50.5,25.6
1319,1868.7,79.2,233.6,62.3,24.2
1320,1519.8,95.6,190.0,50.7,33.8
1321,2652.7,119.2,331.6,88.4,19.1
1322,2635.2,102.7,329.4,87.8,28.6
1323,1778.4,73.1,222.3,59.3,15.7
1324,2796.7,113.5,349.6,93.2,28.5
1325,1530.4,98.0,191.3,51.0,32.9
1326,1493.6,95.3,186.7,49.8,20.8
1327,1584.5,80.2,198.1,52.8,23.0
1328,1924.5,94.0,240.6,64.2,24.1
1329,2552.1,103.8,319.0,85.1,27.6
1330,3330.2,88.7,416.3,111.0,34.6
1331,2101.4,78.7,262.7,70.0,23.2
1332,2678.9,151.4,334.9,89.3,24.6
1333,1410.2,99.1,176.3,47.0,28.0
1334,2059.3,81.2,257.4,68.6,33.4
1335,2017.7,91.6,252.2,67.3,22.2
1336,1805.4,99.7,225.7,60.2,30.0
1337,2187.7,94.7,273.5,72.9,16.1
1338,1313.0,77.8,164.1,43.8,17.9
1339,3130.1,83.9,391.3,104.3,19.5
1340,1417.5,83.5,177.2,47.3,25.0
1341,1913.1,78.4,239.1,63.8,17.2
1342,2805.9,160.4,350.7,93.5,26.6
1343,2411.7,126.9,301.5,80.4,16.7
1344,1962.3,73.6,245.3,65.4,27.4
1345,1880.0,106.9,235.0,62.7,19.2
1346,1311.4,94.0,163.9,43.7,23.7
1347,2989.0,168.6,373.6,99.6,22.7
1348,2749.3,132.4,343.7,91.6,34.8
1349,1645.9,65.2,205.7,54.9,22.7
1350,2870.3,133.6,358.8,95.7,17.3
1351,2594.5,82.6,324.3,86.5,26.0
1352,2324.9,126.3,290.6,77.5,16.3
1353,1834.3,88.0,229.3,61.1,27.0
1354,2665.7,139.0,333.2,88.9,33.4
1355,2750.0,96.7,343.8,91.7,17.2
1356,3165.9,108.6,395.7,105.5,15.6
1357,1829.4,105.8,228.7,61.0,15.2
1358,2136.6,100.3,267.1,71.2,21.7
1359,2817.1,167.9,352.1,93.9,19.7
1360,2858.1,120.1,357.3,95.3,35.0
1361,1945.9,84.8,243.2,64.9,24.4
1362,2545.8,141.7,318.2,84.9,20.3
1363,2391.8,176.7,299.0,79.7,18.0
1364,2685.7,126.4,335.7,89.5,25.5
1365,3257.1,103.9,407.1,108.6,17.0
1366,2896.9,96.3,362.1,96.6,23.5
1367,1867.4,93.2,233.4,62.2,34.3
1368,1946.5,87.8,243.3,64.9,23.9
1369,2264.9,138.1,283.1,75.5,15.9
1370,2970.8,104.9,371.4,99.0,18.8
1371,2628.5,104.8,328.6,87.6,28.6
1372,3430.0,122.4,428.7,114.3,24.9
1373,3292.4,118.4,411.5,109.7,18.3
1374,2194.0,82.6,274.3,73.1,24.3
1375,1747.6,85.0,218.5,58.3,33.2
1376,2939.6,155.7,367.5,98.0,29.3
1377,1440.6,89.1,180.1,48.0,32.2
1378,2278.9,178.2,284.9,76.0,21.3
1379,2965.7,125.6,370.7,98.9,20.2
1380,2089.3,74.6,261.2,69.6,20.9
1381,3306.0,95.6,413.2,110.2,22.3
1382,2805.4,100.8,350.7,93.5,19.3
1383,1749.2,97.4,218.6,58.3,23.9
1384,2169.2,88.8,271.2,72.3,31.8
1385,2085.6,73.7,260.7,69.5,32.8
1386,1800.2,86.4,225.0,60.0,26.9
1387,1924.1,107.8,240.5,64.1,28.1
1388,3042.7,103.8,380.3,101.4,31.3
1389,1315.2,60.3,164.4,43.8,17.4
1390,3480.5,84.5,435.1,116.0,24.9
1391,1729.8,63.6,216.2,57.7,15.6
1392,2604.3,112.5,325.5,86.8,15.7
1393,2282.8,127.5,285.4,76.1,19.3
1394,1888.7,73.6,236.1,63.0,34.0
1395,1578.9,86.0,197.4,52.6,24.1
1396,1217.8,69.8,152.2,40.6,21.4
1397,2034.9,84.3,254.4,67.8,31.8
1398,2407.6,121.8,301.0,80.3,26.4
1399,1599.4,94.1,199.9,53.3,33.6
1400,1746.6,71.6,218.3,58.2,17.6
1401,2898.8,82.9,362.4,96.6,32.9
1402,2550.1,169.2,318.8,85.0,18.0
1403,2790.9,86.1,348.9,93.0,32.4
1404,1323.5,90.5,165.4,44.1,18.5
1405,2184.2,98.3,273.0,72.8,31.8
1406,2869.0,135.2,358.6,95.6,35.0
1407,2817.1,94.6,352.1,93.9,22.9
1408,1974.6,81.0,246.8,65.8,30.1
1409,1287.5,69.2,160.9,42.9,31.9
1410,1586.5,95.8,198.3,52.9,32.6
1411,2301.0,124.4,287.6,76.7,16.6
1412,2936.5,135.7,367.1,97.9,16.1
1413,3018.5,127.5,377.3,100.6,27.0
1414,2478.2,157.7,309.8,82.6,21.8
1415,2648.8,94.0,331.1,88.3,28.8
1416,1956.4,75.9,244.5,65.2,31.9
1417,1497.1,77.0,187.1,49.9,21.5
1418,2809.0,134.0,351.1,93.6,33.9
1419,1651.2,70.8,206.4,55.0,30.9
1420,2509.5,81.7,313.7,83.7,21.5
1421,1692.9,64.1,211.6,56.4,28.8
1422,2370.6,178.8,296.3,79.0,33.6
1423,1262.5,69.0,157.8,42.1,28.5
1424,1584.5,89.7,198.1,52.8,30.8
1425,3132.7,117.8,391.6,104.4,15.2
1426,2996.4,109.9,374.5,99.9,28.7
1427,2055.6,91.4,256.9,68.5,26.5
1428,1610.7,72.8,201.3,53.7,30.0
1429,2553.5,107.9,319.2,85.1,30.3
1430,1336.5,60.5,167.1,44.5,17.1
1431,1604.2,85.4,200.5,53.5,34.3
1432,2711.0,149.3,338.9,90.4,31.8
1433,1344.3,70.7,168.0,44.8,19.5
1434,3485.7,121.5,435.7,116.2,32.1
1435,1481.3,77.3,185.2,49.4,27.1
1436,1220.7,86.6,152.6,40.7,25.0
1437,2488.2,170.2,311.0,82.9,22.3
1438,1896.6,96.6,237.1,63.2,31.8
1439,1490.2,94.5,186.3,49.7,16.0
1440,2193.4,101.8,274.2,73.1,19.3
1441,2518.5,125.6,314.8,84.0,17.3
1442,2827.5,99.9,353.4,94.2,26.4
1443,1468.6,85.8,183.6,49.0,29.8
1444,1943.4,92.6,242.9,64.8,21.6
1445,2115.1,107.5,264.4,70.5,15.7
1446,2480.1,175.3,310.0,82.7,18.1
1447,2567.4,93.3,320.9,85.6,29.6
1448,1956.2,90.2,244.5,65.2,22.9
1449,1323.3,95.2,165.4,44.1,27.1
1450,1735.0,71.5,216.9,57.8,23.5
1451,2708.4,125.4,338.5,90.3,21.9
1452,1361.6,92.5,170.2,45.4,29.4
1453,2168.9,95.5,271.1,72.3,33.6
1454,2505.0,164.4,313.1,83.5,25.3
1455,2156.8,94.5,269.6,71.9,25.2
1456,2626.2,164.1,328.3,87.5,28.1
1457,1957.5,102.0,244.7,65.3,16.8
1458,1273.6,98.4,159.2,42.5,31.4
1459,1476.2,83.3,184.5,49.2,27.1
1460,2902.6,128.9,362.8,96.8,31.5
1461,2660.2,92.1,332.5,88.7,16.6
1462,1931.7,89.4,241.5,64.4,17.7
1463,2201.8,161.4,275.2,73.4,31.7
1464,1511.5,73.8,188.9,50.4,30.1
1465,2928.9,101.2,366.1,97.6,28.8
1466,1619.6,98.3,202.4,54.0,20.2
1467,1875.8,101.6,234.5,62.5,24.9
1468,1625.0,67.5,203.1,54.2,19.0
1469,2720.4,134.0,340.1,90.7,24.8
1470,1352.6,96.3,169.1,45.1,17.0
1471,2158.4,98.9,269.8,71.9,15.2
1472,2752.6,81.7,344.1,91.8,26.9
1473,1737.8,70.4,217.2,57.9,22.4
1474,1504.9,62.6,188.1,50.2,29.2
1475,1372.5,73.7,171.6,45.7,34.6
1476,2065.0,109.9,258.1,68.8,17.7
1477,2183.7,101.7,273.0,72.8,19.5
1478,2895.9,158.5,362.0,96.5,33.1
1479,1718.1,83.0,214.8,57.3,22.2
1480,3348.4,114.2,418.5,111.6,24.8
1481,3107.8,128.4,388.5,103.6,27.1
1482,2895.4,113.6,361.9,96.5,18.6
1483,2368.7,155.1,296.1,79.0,24.1
1484,2722.5,116.1,340.3,90.8,17.0
1485,2184.4,101.4,273.0,72.8,16.4
1486,2033.2,73.4,254.1,67.8,21.4
1487,1840.8,105.5,230.1,61.4,16.5
1488,2062.2,72.0,257.8,68.7,15.6
1489,1931.3,84.9,241.4,64.4,30.3
1490,2235.5,172.1,279.4,74.5,23.1
1491,1546.1,98.2,193.3,51.5,31.6
1492,2850.0,162.7,356.3,95.0,32.5
1493,1302.3,65.6,162.8,43.4,29.6
1494,1872.5,104.2,234.1,62.4,33.1
1495,2023.1,101.4,252.9,67.4,25.5
1496,2457.4,162.2,307.2,81.9,31.1
1497,1823.7,100.7,228.0,60.8,30.3
1498,2660.4,132.4,332.6,88.7,31.6
1499,2283.9,148.8,285.5,76.1,34.7
1500,1785.0,82.5,223.1,59.5,23.8
1501,2615.3,148.8,326.9,87.2,18.4
1502,2380.2,179.2,297.5,79.3,23.5
1503,1767.8,82.2,221.0,58.9,17.8
1504,2719.6,151.0,340.0,90.7,27.3
1505,2847.8,132.5,356.0,94.9,16.4
1506,1842.7,79.3,230.3,61.4,33.5
1507,2137.0,82.1,267.1,71.2,29.3
1508,2635.6,167.2,329.4,87.9,31.1
1509,1524.2,67.9,190.5,50.8,27.8
1510,2193.8,87.5,274.2,73.1,29.8
1511,2385.0,127.4,298.1,79.5,19.5
1512,1883.5,72.4,235.4,62.8,20.0
1513,2766.6,88.5,345.8,92.2,31.8
1514,2813.2,81.6,351.6,93.8,32.1
1515,2905.9,120.9,363.2,96.9,21.4
1516,1893.1,84.2,236.6,63.1,28.0
1517,1504.6,65.2,188.1,50.2,19.1
1518,1905.5,98.9,238.2,63.5,28.3
1519,1667.4,61.1,208.4,55.6,26.1
1520,2343.4,159.1,292.9,78.1,19.6
1521,2197.0,72.3,274.6,73.2,33.6
1522,2091.7,91.4,261.5,69.7,24.8
1523,1554.9,82.1,194.4,51.8,18.3
1524,2840.6,104.3,355.1,94.7,22.1
1525,2964.5,129.6,370.6,98.8,23.5
1526,1376.9,72.8,172.1,45.9,32.0
1527,2178.9,78.7,272.4,72.6,15.7
1528,3271.8,99.1,409.0,109.1,23.3
1529,2913.4,123.7,364.2,97.1,32.8
1530,2758.5,132.8,344.8,91.9,33.1
1531,1836.2,92.9,229.5,61.2,34.7
1532,2087.5,97.9,260.9,69.6,35.0
1533,2991.4,155.4,373.9,99.7,21.7
1534,2376.2,155.7,297.0,79.2,24.8
1535,2781.1,170.5,347.6,92.7,20.1
1536,1234.2,79.5,154.3,41.1,27.5
1537,1783.5,60.3,222.9,59.5,34.0
1538,2985.6,111.6,373.2,99.5,19.2
1539,1448.5,92.4,181.1,48.3,26.6
1540,2151.6,105.8,269.0,71.7,20.7
1541,3419.5,105.9,427.4,114.0,15.9
1542,2315.1,125.8,289.4,77.2,18.7
1543,1908.1,109.0,238.5,63.6,21.0
1544,1919.4,92.4,239.9,64.0,33.6
1545,2743.8,98.0,343.0,91.5,30.8
1546,2821.3,118.4,352.7,94.0,33.9
1547,2867.6,154.5,358.4,95.6,27.1
1548,1401.2,95.6,175.1,46.7,22.7
1549,3415.2,102.1,426.9,113.8,27.7
1550,1277.6,92.6,159.7,42.6,34.7
1551,1743.9,89.9,218.0,58.1,15.7
1552,1407.4,81.9,175.9,46.9,28.2
1553,3105.3,122.4,388.2,103.5,21.3
1554,3475.3,96.0,434.4,115.8,33.4
1555,3037.1,108.4,379.6,101.2,30.1
1556,3289.6,122.5,411.2,109.7,25.8
1557,1680.4,97.4,210.1,56.0,20.3
1558,2457.5,139.6,307.2,81.9,29.1
1559,3498.9,117.2,437.4,116.6,29.4
1560,2111.9,103.0,264.0,70.4,23.9
1561,1917.8,77.4,239.7,63.9,34.4
1562,1356.2,97.1,169.5,45.2,27.7
1563,1742.5,98.9,217.8,58.1,33.4
1564,3423.2,113.3,427.9,114.1,23.4
1565,3297.6,94.0,412.2,109.9,26.3
1566,2674.3,85.9,334.3,89.1,22.9
1567,1999.4,82.6,249.9,66.6,29.7
1568,3179.6,81.8,397.4,106.0,34.6
1569,1242.9,95.4,155.4,41.4,32.3
1570,2262.8,172.4,282.8,75.4,22.0
1571,2051.7,72.1,256.5,68.4,27.6
1572,1807.6,72.9,226.0,60.3,20.1
1573,2828.2,177.2,353.5,94.3,22.2
1574,3019.1,80.3,377.4,100.6,16.0
1575,1816.1,81.8,227.0,60.5,15.4
1576,3213.2,92.7,401.7,107.1,22.2
1577,2698.6,143.1,337.3,90.0,30.8
1578,2436.6,178.1,304.6,81.2,31.2
1579,1410.6,74.5,176.3,47.0,15.4
1580,1796.1,82.1,224.5,59.9,27.1
1581,2887.7,143.8,361.0,96.3,17.7
1582,1466.1,62.4,183.3,48.9,34.3
1583,1518.2,87.9,189.8,50.6,27.0
1584,3238.5,84.5,404.8,107.9,25.1
1585,1868.3,105.7,233.5,62.3,30.9
1586,1953.6,77.1,244.2,65.1,28.2
1587,2247.9,160.5,281.0,74.9,22.4
1588,1397.9,60.9,174.7,46.6,19.8
1589,1402.9,60.9,175.4,46.8,32.4
1590,2171.9,72.8,271.5,72.4,24.9
1591,2256.9,146.0,282.1,75.2,20.5
1592,1769.6,79.4,221.2,59.0,30.3
1593,1633.0,75.5,204.1,54.4,18.8
1594,2816.3,168.9,352.0,93.9,27.5
1595,3190.8,124.6,398.8,106.4,30.5
1596,2325.0,134.9,290.6,77.5,26.7
1597,1960.8,72.3,245.1,65.4,22.2
1598,2970.7,126.0,371.3,99.0,25.2
1599,2936.5,136.7,367.1,97.9,26.9
1600,2782.9,118.1,347.9,92.8,27.9
1601,2042.8,100.4,255.3,68.1,20.0
1602,2446.6,176.5,305.8,81.6,25.8
1603,1874.1,105.8,234.3,62.5,16.3
1604,2588.0,120.0,323.5,86.3,19.8
1605,1466.4,65.1,183.3,48.9,33.8
1606,2746.3,136.7,343.3,91.5,24.9
1607,1627.4,92.7,203.4,54.2,18.1
1608,2031.3,99.9,253.9,67.7,21.5
1609,3074.7,115.9,384.3,102.5,20.3
1610,2867.5,178.3,358.4,95.6,33.2
1611,1545.2,72.2,193.1,51.5,32.8
1612,2029.8,82.4,253.7,67.7,21.8
1613,2104.3,91.8,263.0,70.1,32.9
1614,2387.7,178.2,298.5,79.6,26.6
1615,2057.7,81.6,257.2,68.6,29.8
1616,3300.6,104.7,412.6,110.0,15.4
1617,1774.5,90.1,221.8,59.2,24.6
1618,1599.6,86.9,200.0,53.3,24.5
1619,1681.7,94.1,210.2,56.1,24.4
1620,2364.6,151.9,295.6,78.8,21.4
1621,2419.3,128.9,302.4,80.6,17.2
1622,1259.8,81.5,157.5,42.0,17.5
1623,1276.1,81.5,159.5,42.5,23.9
1624,2941.5,120.3,367.7,98.1,23.7
1625,1616.5,76.0,202.1,53.9,16.1
1626,2044.2,93.5,255.5,68.1,27.0
1627,3394.1,88.2,424.3,113.1,31.8
1628,1275.7,83.1,159.5,42.5,28.0
1629,1326.4,77.9,165.8,44.2,32.3
1630,1998.5,107.1,249.8,66.6,15.3
1631,2834.8,145.2,354.4,94.5,32.1
1632,1927.4,74.7,240.9,64.2,27.6
1633,2138.3,87.4,267.3,71.3,30.7
1634,1677.9,89.3,209.7,55.9,28.0
1635,2129.7,86.6,266.2,71.0,15.9
1636,1381.8,71.1,172.7,46.1,23.9
1637,1779.6,96.7,222.4,59.3,34.9
1638,2417.4,141.3,302.2,80.6,24.0
1639,3347.4,127.2,418.4,111.6,16.1
1640,3469.3,129.8,433.7,115.6,30.0
1641,1618.3,74.4,202.3,53.9,34.3
1642,2756.0,94.1,344.5,91.9,27.8
1643,1670.5,87.7,208.8,55.7,32.6
1644,2820.7,120.6,352.6,94.0,17.6
1645,2511.6,157.8,313.9,83.7,24.8
1646,1769.9,70.7,221.2,59.0,29.9
1647,1361.5,73.5,170.2,45.4,21.7
1648,3169.1,103.7,396.1,105.6,33.8
1649,2175.8,96.9,272.0,72.5,19.2
1650,1696.8,87.6,212.1,56.6,34.4
1651,2503.2,125.2,312.9,83.4,21.7
1652,2999.7,173.9,375.0,100.0,34.0
1653,3280.3,114.3,410.0,109.3,18.2
1654,3428.5,103.5,428.6,114.3,25.6
1655,2082.7,101.0,260.3,69.4,24.5
1656,1543.1,86.9,192.9,51.4,32.6
1657,1498.8,97.9,187.3,50.0,26.1
1658,2196.4,103.7,274.5,73.2,32.3
1659,2094.2,95.8,261.8,69.8,23.5
1660,2903.1,91.7,362.9,96.8,33.5
1661,1686.6,81.6,210.8,56.2,30.8
1662,2687.4,103.2,335.9,89.6,28.6
1663,2445.0,152.5,305.6,81.5,27.8
1664,2816.2,177.7,352.0,93.9,31.1
1665,1371.3,87.7,171.4,45.7,15.9
1666,2968.4,156.2,371.1,98.9,23.0
1667,1261.6,74.2,157.7,42.1,24.6
1668,2148.3,88.7,268.5,71.6,25.5
1669,2639.6,104.5,329.9,88.0,23.4
1670,2430.3,179.7,303.8,81.0,26.7
1671,1433.8,97.8,179.2,47.8,23.6
1672,1933.5,104.2,241.7,64.4,28.7
1673,1681.7,73.7,210.2,56.1,18.5
1674,1221.6,75.5,152.7,40.7,16.5
1675,1456.3,79.1,182.0,48.5,16.2
1676,2699.9,128.5,337.5,90.0,16.1
1677,3169.9,81.1,396.2,105.7,16.3
1678,1329.5,94.0,166.2,44.3,21.2
1679,2094.8,70.7,261.8,69.8,19.2
1680,2108.3,82.0,263.5,70.3,18.6
1681,1792.3,83.0,224.0,59.7,29.3
1682,1654.7,71.1,206.8,55.2,20.6
1683,1531.3,63.6,191.4,51.0,22.6
1684,1546.3,74.1,193.3,51.5,27.2
1685,1270.7,85.8,158.8,42.4,18.5
1686,2138.8,86.8,267.4,71.3,20.3
1687,1348.4,99.6,168.5,44.9,25.8
1688,3053.3,129.7,381.7,101.8,33.1
1689,1905.3,106.6,238.2,63.5,26.8
1690,2276.7,124.9,284.6,75.9,17.9
1691,3309.7,121.3,413.7,110.3,26.3
1692,2162.4,109.3,270.3,72.1,34.9
1693,3102.7,99.2,387.8,103.4,23.6
1694,1459.6,83.2,182.5,48.7,18.1
1695,2659.2,175.6,332.4,88.6,31.5
1696,3057.6,90.4,382.2,101.9,24.6
1697,2904.4,160.6,363.1,96.8,32.7
1698,1372.2,66.4,171.5,45.7,25.0
1699,1430.9,79.0,178.9,47.7,24.6
1700,1922.6,92.0,240.3,64.1,30.6
1701,2553.7,92.2,319.2,85.1,31.3
1702,3231.0,123.7,403.9,107.7,24.5
1703,2636.6,119.6,329.6,87.9,34.9
1704,2660.4,168.8,332.5,88.7,23.0
1705,2857.7,127.4,357.2,95.3,21.6
1706,1879.1,87.0,234.9,62.6,27.3
1707,2645.7,123.1,330.7,88.2,28.1
1708,2805.2,118.7,350.7,93.5,25.2
1709,3191.0,87.2,398.9,106.4,34.1
1710,1631.2,90.5,203.9,54.4,24.7
1711,2908.0,164.0,363.5,96.9,32.6
1712,1515.9,93.3,189.5,50.5,32.2
1713,1831.7,76.9,229.0,61.1,25.5
1714,1461.7,66.6,182.7,48.7,24.8
1715,2757.1,119.4,344.6,91.9,22.7
1716,2693.3,123.1,336.7,89.8,15.4
1717,2503.5,172.3,312.9,83.5,30.7
1718,1558.1,94.6,194.8,51.9,34.1
1719,2880.9,89.1,360.1,96.0,30.0
1720,2600.3,95.8,325.0,86.7,19.4
1721,2066.3,72.0,258.3,68.9,15.4
1722,2520.2,83.9,315.0,84.0,32.9
1723,1476.1,64.1,184.5,49.2,16.4
1724,2676.1,168.3,334.5,89.2,20.0
1725,2750.8,147.4,343.8,91.7,34.8
1726,2680.0,98.2,335.0,89.3,25.6
1727,2279.8,157.2,285.0,76.0,19.4
1728,2857.6,81.5,357.2,95.3,26.6
1729,2870.0,125.1,358.8,95.7,28.2
1730,1812.1,74.6,226.5,60.4,21.5
1731,2802.1,99.8,350.3,93.4,31.9
1732,2963.5,125.5,370.4,98.8,19.4
1733,1234.5,61.9,154.3,41.2,28.9
1734,1826.2,96.6,228.3,60.9,24.2
1735,2026.9,73.7,253.4,67.6,34.0
1736,2487.6,177.1,310.9,82.9,31.0
1737,2199.6,70.3,274.9,73.3,33.9
1738,2764.5,162.0,345.6,92.2,35.0
1739,1785.2,68.5,223.2,59.5,19.3
1740,2133.5,89.2,266.7,71.1,27.7
1741,2235.4,170.5,279.4,74.5,32.5
1742,2597.7,124.1,324.7,86.6,20.8
1743,1868.7,76.3,233.6,62.3,31.5
1744,1787.7,84.7,223.5,59.6,18.2
1745,2892.1,177.0,361.5,96.4,28.5
1746,2761.1,129.1,345.1,92.0,23.3
1747,1883.5,85.3,235.4,62.8,20.4
1748,2077.0,87.1,259.6,69.2,23.1
1749,2336.9,159.0,292.1,77.9,32.1
1750,3475.8,93.5,434.5,115.9,21.8
1751,2088.7,103.4,261.1,69.6,31.6
1752,1250.1,93.2,156.3,41.7,29.2
1753,1218.6,91.4,152.3,40.6,34.1
1754,2471.2,125.0,308.9,82.4,21.3
1755,2742.4,83.5,342.8,91.4,17.3
1756,2177.5,94.4,272.2,72.6,33.2
1757,2969.7,168.8,371.2,99.0,23.1
1758,2864.4,129.1,358.1,95.5,23.1
1759,1668.3,92.0,208.5,55.6,29.1
1760,2774.0,126.3,346.8,92.5,30.1
1761,2198.7,94.3,274.8,73.3,23.3
1762,1708.4,70.3,213.6,56.9,25.0
1763,2156.4,85.0,269.5,71.9,21.3
1764,1940.0,103.5,242.5,64.7,18.4
1765,1923.8,104.6,240.5,64.1,30.1
1766,1432.1,95.1,179.0,47.7,28.3
1767,2753.8,144.9,344.2,91.8,17.2
1768,2783.1,149.5,347.9,92.8,32.1
1769,2903.8,164.3,363.0,96.8,18.2
1770,3277.2,85.5,409.6,109.2,17.3
1771,2024.7,103.1,253.1,67.5,16.9
1772,1233.3,98.6,154.2,41.1,15.4
1773,1830.3,90.0,228.8,61.0,30.7
1774,1932.1,106.4,241.5,64.4,15.8
1775,2336.3,149.5,292.0,77.9,26.0
1776,2880.2,139.6,360.0,96.0,15.9
1777,1908.3,81.6,238.5,63.6,33.0
1778,1743.7,71.2,218.0,58.1,17.7
1779,3472.9,93.0,434.1,115.8,17.9
1780,2523.5,167.5,315.4,84.1,15.4
1781,2015.5,98.0,251.9,67.2,32.0
1782,2564.8,121.0,320.6,85.5,19.5
1783,3169.1,112.9,396.1,105.6,34.6
1784,2152.8,86.4,269.1,71.8,20.0
1785,2047.0,109.8,255.9,68.2,15.9
1786,1285.8,62.5,160.7,42.9,29.5
1787,3165.3,85.8,395.7,105.5,18.0
1788,3406.5,80.3,425.8,113.6,34.5
1789,2063.8,73.1,258.0,68.8,28.1
1790,2235.3,152.1,279.4,74.5,33.0
1791,1888.0,84.4,236.0,62.9,24.4
1792,1603.0,69.0,200.4,53.4,30.0
1793,2114.7,85.7,264.3,70.5,29.7
1794,2073.3,82.5,259.2,69.1,17.4
1795,2959.0,84.2,369.9,98.6,15.8
1796,3296.5,101.6,412.1,109.9,16.6
1797,3331.7,102.9,416.5,111.1,30.2
1798,2288.7,164.6,286.1,76.3,32.6
1799,1203.3,78.0,150.4,40.1,24.5
1800,2400.3,150.4,300.0,80.0,34.5
1801,2862.6,101.8,357.8,95.4,25.6
1802,2542.3,149.0,317.8,84.7,31.0
1803,1973.4,89.5,246.7,65.8,28.8
1804,2683.3,129.6,335.4,89.4,31.6
1805,2021.3,79.3,252.7,67.4,26.7
1806,2617.3,90.3,327.2,87.2,34.0
1807,3091.9,87.6,386.5,103.1,22.2
1808,2952.5,88.8,369.1,98.4,22.3
1809,1491.2,68.9,186.4,49.7,23.5
1810,2863.0,174.7,357.9,95.4,20.6
1811,2750.5,173.7,343.8,91.7,28.6
1812,2602.3,114.3,325.3,86.7,15.9
1813,2037.2,102.3,254.7,67.9,31.2
1814,1612.8,85.1,201.6,53.8,30.5
1815,2036.4,103.9,254.5,67.9,34.8
1816,3039.5,84.5,379.9,101.3,28.4
1817,1866.1,100.2,233.3,62.2,31.0
1818,2248.7,133.0,281.1,75.0,16.9
1819,1805.8,92.4,225.7,60.2,15.8
1820,1943.1,103.0,242.9,64.8,15.8
1821,1827.9,86.1,228.5,60.9,28.0
1822,2774.1,164.1,346.8,92.5,23.0
1823,2741.0,83.1,342.6,91.4,33.0
1824,3427.1,111.0,428.4,114.2,32.7
1825,2698.2,139.1,337.3,89.9,22.8
1826,3399.0,117.7,424.9,113.3,23.7
1827,2530.7,179.0,316.3,84.4,23.1
1828,1683.1,73.9,210.4,56.1,32.2
1829,1754.2,89.8,219.3,58.5,22.7
1830,1792.1,65.3,224.0,59.7,22.2
1831,3480.8,98.8,435.1,116.0,24.8
1832,2170.5,102.4,271.3,72.3,27.4
1833,2677.8,123.7,334.7,89.3,22.2
1834,2844.1,179.7,355.5,94.8,33.3
1835,2509.8,136.1,313.7,83.7,27.3
1836,2023.7,107.3,253.0,67.5,31.4
1837,1693.4,96.2,211.7,56.4,32.2
1838,1999.2,73.9,249.9,66.6,31.8
1839,2931.8,158.2,366.5,97.7,20.8
1840,1270.4,62.2,158.8,42.3,16.0
1841,1202.7,75.6,150.3,40.1,25.8
1842,2006.1,109.7,250.8,66.9,34.4
1843,1344.5,88.5,168.1,44.8,31.2
1844,3063.6,127.7,382.9,102.1,30.1
1845,2421.3,123.7,302.7,80.7,29.0
1846,1387.9,86.0,173.5,46.3,23.3
1847,3208.9,110.5,401.1,107.0,32.1
1848,2051.5,105.5,256.4,68.4,22.7
1849,3065.2,122.5,383.2,102.2,19.9
1850,2873.0,119.8,359.1,95.8,20.7
1851,2967.5,110.5,370.9,98.9,16.0
1852,2864.3,138.9,358.0,95.5,26.1
1853,1897.0,80.5,237.1,63.2,15.3
1854,2988.6,106.5,373.6,99.6,15.5
1855,3348.8,101.3,418.6,111.6,22.4
1856,2199.1,70.2,274.9,73.3,33.9
1857,1228.7,96.8,153.6,41.0,30.9
1858,2917.7,127.1,364.7,97.3,27.5
1859,3427.6,96.4,428.5,114.3,24.8
1860,1379.3,68.4,172.4,46.0,25.8
1861,3274.8,107.1,409.3,109.2,18.6
1862,2446.0,143.0,305.7,81.5,25.2
1863,3001.4,119.2,375.2,100.0,23.9
1864,1937.8,78.9,242.2,64.6,15.3
1865,2754.8,177.7,344.3,91.8,22.2
1866,1391.8,74.8,174.0,46.4,16.1
1867,1313.1,66.3,164.1,43.8,24.4
1868,1836.7,87.5,229.6,61.2,25.2
1869,2738.0,178.8,342.2,91.3,21.9
1870,1631.7,64.9,204.0,54.4,34.7
1871,3122.4,114.6,390.3,104.1,32.5
1872,2054.0,73.5,256.8,68.5,15.5
1873,2798.9,169.3,349.9,93.3,17.0
1874,2522.1,115.7,315.3,84.1,31.5
1875,2992.6,111.6,374.1,99.8,15.8
1876,2774.8,128.9,346.9,92.5,16.4
1877,2927.8,110.2,366.0,97.6,31.8
1878,1886.5,100.9,235.8,62.9,24.5
1879,3200.2,87.3,400.0,106.7,30.5
1880,2649.4,173.6,331.2,88.3,26.7
1881,2948.1,105.5,368.5,98.3,31.7
1882,2703.1,108.4,337.9,90.1,18.0
1883,2869.6,122.5,358.7,95.7,27.1
1884,2875.5,82.6,359.4,95.8,23.3
1885,2911.5,82.3,363.9,97.0,16.6
1886,2801.7,120.7,350.2,93.4,17.5
1887,2581.7,156.6,322.7,86.1,20.9
1888,1251.9,85.8,156.5,41.7,25.7
1889,1688.5,82.7,211.1,56.3,32.9
1890,1955.7,81.5,244.5,65.2,18.8
1891,1378.5,98.7,172.3,45.9,22.0
1892,3193.3,84.2,399.2,106.4,21.1
1893,2791.4,138.9,348.9,93.0,34.4
1894,2980.0,136.8,372.5,99.3,34.0
1895,2641.5,127.0,330.2,88.1,15.6
1896,2017.2,82.8,252.2,67.2,17.2
1897,2793.5,115.1,349.2,93.1,30.8
1898,2943.3,126.5,367.9,98.1,24.0
1899,2640.5,148.7,330.1,88.0,23.2
1900,2728.3,128.8,341.0,90.9,30.2
1901,1851.5,70.3,231.4,61.7,18.1
1902,1694.8,69.6,211.9,56.5,19.4
1903,2007.3,95.3,250.9,66.9,19.8
1904,1596.8,75.5,199.6,53.2,30.4
1905,1394.6,84.4,174.3,46.5,29.3
1906,1861.4,70.6,232.7,62.0,15.1
1907,2822.6,134.7,352.8,94.1,31.7
1908,3416.9,126.4,427.1,113.9,23.6
1909,1921.3,71.6,240.2,64.0,25.0
1910,2322.3,122.6,290.3,77.4,18.2
1911,2814.5,116.7,351.8,93.8,27.1
1912,2180.9,78.1,272.6,72.7,25.1
1913,2485.5,178.3,310.7,82.9,24.7
1914,1517.9,93.7,189.7,50.6,30.5
1915,2190.4,75.9,273.8,73.0,18.8
1916,1712.7,82.6,214.1,57.1,15.6
1917,2687.0,179.6,335.9,89.6,25.8
1918,2794.6,105.0,349.3,93.2,27.6
1919,1986.7,74.0,248.3,66.2,28.8
1920,2896.2,85.2,362.0,96.5,26.3
1921,2728.2,172.6,341.0,90.9,28.1
1922,2921.0,170.4,365.1,97.4,23.1
1923,3027.4,129.3,378.4,100.9,18.5
1924,2719.1,124.1,339.9,90.6,23.5
1925,2179.0,85.5,272.4,72.6,15.3
1926,1665.0,95.9,208.1,55.5,32.1
1927,2603.4,174.5,325.4,86.8,16.3
1928,3406.9,104.3,425.9,113.6,15.9
1929,2781.5,129.8,347.7,92.7,18.4
1930,1603.2,75.1,200.4,53.4,25.1
1931,1213.9,81.8,151.7,40.5,16.5
1932,2949.6,86.7,368.7,98.3,27.6
1933,1840.3,94.4,230.0,61.3,30.7
1934,1796.0,77.7,224.5,59.9,19.3
1935,1224.8,62.5,153.1,40.8,19.2
1936,2647.0,120.3,330.9,88.2,25.9
1937,1710.1,95.4,213.8,57.0,20.2
1938,1745.0,99.4,218.1,58.2,26.0
1939,1226.7,92.8,153.3,40.9,33.9
1940,2917.9,152.0,364.7,97.3,18.8
1941,2916.5,119.8,364.6,97.2,25.8
1942,2934.4,147.5,366.8,97.8,29.7
1943,1281.3,62.4,160.2,42.7,17.0
1944,1828.1,109.8,228.5,60.9,28.8
1945,2537.9,145.3,317.2,84.6,29.5
1946,1919.1,82.8,239.9,64.0,27.8
1947,1730.5,79.1,216.3,57.7,28.7
1948,2722.6,81.2,340.3,90.8,25.0
1949,2022.3,103.7,252.8,67.4,19.2
1950,2009.6,106.9,251.2,67.0,27.8
1951,1400.7,96.9,175.1,46.7,19.8
1952,2285.5,145.1,285.7,76.2,32.5
1953,1515.5,79.9,189.4,50.5,20.7
1954,1737.2,73.3,217.2,57.9,34.1
1955,1492.0,98.0,186.5,49.7,17.0
1956,1579.0,77.6,197.4,52.6,29.3
1957,2427.0,130.0,303.4,80.9,34.4
1958,3340.7,113.4,417.6,111.4,22.8
1959,2310.0,148.8,288.8,77.0,27.0
1960,2186.2,80.1,273.3,72.9,18.9
1961,1266.7,99.0,158.3,42.2,18.2
1962,1335.6,92.3,167.0,44.5,22.0
1963,2145.6,89.1,268.2,71.5,23.7
1964,1812.8,82.4,226.6,60.4,15.3
1965,2164.2,90.8,270.5,72.1,29.3
1966,1440.6,95.9,180.1,48.0,30.3
1967,1932.8,88.0,241.6,64.4,23.1
1968,2886.2,85.8,360.8,96.2,27.3
1969,2985.8,113.1,373.2,99.5,31.8
1970,2842.9,86.3,355.4,94.8,33.1
1971,1598.4,72.0,199.8,53.3,20.3
1972,3062.2,101.1,382.8,102.1,24.1
1973,3110.1,108.6,388.8,103.7,16.1
1974,1477.9,65.4,184.7,49.3,29.4
1975,2972.2,93.6,371.5,99.1,23.7
1976,1809.4,82.6,226.2,60.3,30.5
1977,2283.4,151.0,285.4,76.1,23.8
1978,3424.2,91.7,428.0,114.1,23.1
1979,2630.0,133.1,328.8,87.7,19.7
1980,1281.0,68.1,160.1,42.7,25.7
1981,3250.6,106.2,406.3,108.4,17.8
1982,1943.3,105.2,242.9,64.8,23.5
1983,2600.8,145.3,325.1,86.7,26.3
1984,3393.4,129.1,424.2,113.1,16.2
1985,2488.3,142.4,311.0,82.9,20.4
1986,2643.7,153.6,330.5,88.1,21.2
1987,1996.2,107.0,249.5,66.5,29.1
1988,2133.0,93.2,266.6,71.1,23.2
1989,1992.4,95.1,249.1,66.4,15.1
1990,1959.5,72.1,244.9,65.3,16.5
1991,1693.2,76.5,211.6,56.4,20.7
1992,2890.4,121.4,361.3,96.3,26.7
1993,1973.6,81.4,246.7,65.8,30.7
1994,3066.6,122.9,383.3,102.2,15.1
1995,2038.9,87.2,254.9,68.0,22.1
1996,3166.0,123.7,395.8,105.5,21.2
1997,2177.1,107.4,272.1,72.6,20.0
1998,1821.9,89.0,227.7,60.7,25.4
1999,2415.0,144.0,301.9,80.5,28.1
2000,3369.2,116.4,421.1,112.3,32.2
